titre,description,genre
L'Étranger,"Meursault, un homme indifférent, tue un Arabe sans raison apparente sur une plage ensoleillée d'Alger.",Roman
Voyage au bout de la nuit,Un récit sombre et cynique de la Première Guerre mondiale et de la condition humaine à travers les yeux de Ferdinand Bardamu.,Roman
Les Misérables,"La vie de Jean Valjean, ancien forçat, et sa quête de rédemption dans une France en pleine mutation sociale.",Roman
Madame Bovary,"Emma Bovary, insatisfaite de sa vie provinciale, cherche l'évasion dans des passions extraconjugales et des dépenses excessives.",Roman
Le Petit Prince,"Un aviateur échoué dans le désert rencontre un petit prince venu d'une autre planète, qui lui raconte ses voyages et ses réflexions sur la vie.",Roman
Les Trois Mousquetaires,"D'Artagnan rejoint les mousquetaires du roi et se lance dans des aventures épiques aux côtés d'Athos, Porthos et Aramis.",Roman
Le Rouge et le Noir,"Julien Sorel, jeune homme ambitieux, tente de s'élever dans la société française du XIXe siècle, entre passion et hypocrisie sociale.",Roman
Les Liaisons dangereuses,Un roman épistolaire dévoilant les manipulations et intrigues amoureuses de la noblesse française avant la Révolution.,Roman
L'Écume des jours,"Dans un monde onirique, Colin vit une histoire d'amour tragique avec Chloé, atteinte d'une maladie étrange.",Roman
Germinal,"Étienne Lantier, ouvrier mineur, mène une grève pour de meilleures conditions de travail dans le nord de la France.",Roman
L'Étranger,"Meursault, un homme indifférent, tue un Arabe sans raison apparente sur une plage ensoleillée d'Alger.",Roman
Voyage au bout de la nuit,Un récit sombre et cynique de la Première Guerre mondiale et de la condition humaine à travers les yeux de Ferdinand Bardamu.,Roman
Les Misérables,"La vie de Jean Valjean, ancien forçat, et sa quête de rédemption dans une France en pleine mutation sociale.",Roman
Madame Bovary,"Emma Bovary, insatisfaite de sa vie provinciale, cherche l'évasion dans des passions extraconjugales et des dépenses excessives.",Roman
Le Petit Prince,"Un aviateur échoué dans le désert rencontre un petit prince venu d'une autre planète, qui lui raconte ses voyages et ses réflexions sur la vie.",Roman
Les Trois Mousquetaires,"D'Artagnan rejoint les mousquetaires du roi et se lance dans des aventures épiques aux côtés d'Athos, Porthos et Aramis.",Roman
Le Rouge et le Noir,"Julien Sorel, jeune homme ambitieux, tente de s'élever dans la société française du XIXe siècle, entre passion et hypocrisie sociale.",Roman
Les Liaisons dangereuses,Un roman épistolaire dévoilant les manipulations et intrigues amoureuses de la noblesse française avant la Révolution.,Roman
L'Écume des jours,"Dans un monde onirique, Colin vit une histoire d'amour tragique avec Chloé, atteinte d'une maladie étrange.",Roman
Germinal,"Étienne Lantier, ouvrier mineur, mène une grève pour de meilleures conditions de travail dans le nord de la France.",Roman
L'Étranger,"Meursault, un homme indifférent, tue un Arabe sans raison apparente sur une plage ensoleillée d'Alger.",Roman
Voyage au bout de la nuit,Un récit sombre et cynique de la Première Guerre mondiale et de la condition humaine à travers les yeux de Ferdinand Bardamu.,Roman
Les Misérables,"La vie de Jean Valjean, ancien forçat, et sa quête de rédemption dans une France en pleine mutation sociale.",Roman
Madame Bovary,"Emma Bovary, insatisfaite de sa vie provinciale, cherche l'évasion dans des passions extraconjugales et des dépenses excessives.",Roman
Le Petit Prince,"Un aviateur échoué dans le désert rencontre un petit prince venu d'une autre planète, qui lui raconte ses voyages et ses réflexions sur la vie.",Roman
Les Trois Mousquetaires,"D'Artagnan rejoint les mousquetaires du roi et se lance dans des aventures épiques aux côtés d'Athos, Porthos et Aramis.",Roman
Le Rouge et le Noir,"Julien Sorel, jeune homme ambitieux, tente de s'élever dans la société française du XIXe siècle, entre passion et hypocrisie sociale.",Roman
Les Liaisons dangereuses,Un roman épistolaire dévoilant les manipulations et intrigues amoureuses de la noblesse française avant la Révolution.,Roman
L'Écume des jours,"Dans un monde onirique, Colin vit une histoire d'amour tragique avec Chloé, atteinte d'une maladie étrange.",Roman
Germinal,"Étienne Lantier, ouvrier mineur, mène une grève pour de meilleures conditions de travail dans le nord de la France.",Roman
L'Étranger,"Meursault, un homme indifférent, tue un Arabe sans raison apparente sur une plage ensoleillée d'Alger.",Roman
Voyage au bout de la nuit,Un récit sombre et cynique de la Première Guerre mondiale et de la condition humaine à travers les yeux de Ferdinand Bardamu.,Roman
Les Misérables,"La vie de Jean Valjean, ancien forçat, et sa quête de rédemption dans une France en pleine mutation sociale.",Roman
Madame Bovary,"Emma Bovary, insatisfaite de sa vie provinciale, cherche l'évasion dans des passions extraconjugales et des dépenses excessives.",Roman
Le Petit Prince,"Un aviateur échoué dans le désert rencontre un petit prince venu d'une autre planète, qui lui raconte ses voyages et ses réflexions sur la vie.",Roman
Les Trois Mousquetaires,"D'Artagnan rejoint les mousquetaires du roi et se lance dans des aventures épiques aux côtés d'Athos, Porthos et Aramis.",Roman
Le Rouge et le Noir,"Julien Sorel, jeune homme ambitieux, tente de s'élever dans la société française du XIXe siècle, entre passion et hypocrisie sociale.",Roman
Les Liaisons dangereuses,Un roman épistolaire dévoilant les manipulations et intrigues amoureuses de la noblesse française avant la Révolution.,Roman
L'Écume des jours,"Dans un monde onirique, Colin vit une histoire d'amour tragique avec Chloé, atteinte d'une maladie étrange.",Roman
Germinal,"Étienne Lantier, ouvrier mineur, mène une grève pour de meilleures conditions de travail dans le nord de la France.",Roman
L'Étranger,"Meursault, un homme indifférent, tue un Arabe sans raison apparente sur une plage ensoleillée d'Alger.",Roman
Voyage au bout de la nuit,Un récit sombre et cynique de la Première Guerre mondiale et de la condition humaine à travers les yeux de Ferdinand Bardamu.,Roman
Les Misérables,"La vie de Jean Valjean, ancien forçat, et sa quête de rédemption dans une France en pleine mutation sociale.",Roman
Madame Bovary,"Emma Bovary, insatisfaite de sa vie provinciale, cherche l'évasion dans des passions extraconjugales et des dépenses excessives.",Roman
Le Petit Prince,"Un aviateur échoué dans le désert rencontre un petit prince venu d'une autre planète, qui lui raconte ses voyages et ses réflexions sur la vie.",Roman
Les Trois Mousquetaires,"D'Artagnan rejoint les mousquetaires du roi et se lance dans des aventures épiques aux côtés d'Athos, Porthos et Aramis.",Roman
Le Rouge et le Noir,"Julien Sorel, jeune homme ambitieux, tente de s'élever dans la société française du XIXe siècle, entre passion et hypocrisie sociale.",Roman
Les Liaisons dangereuses,Un roman épistolaire dévoilant les manipulations et intrigues amoureuses de la noblesse française avant la Révolution.,Roman
L'Écume des jours,"Dans un monde onirique, Colin vit une histoire d'amour tragique avec Chloé, atteinte d'une maladie étrange.",Roman
Germinal,"Étienne Lantier, ouvrier mineur, mène une grève pour de meilleures conditions de travail dans le nord de la France.",Roman
L'Étranger,"Meursault, un homme indifférent, tue un Arabe sans raison apparente sur une plage ensoleillée d'Alger.",Roman
Voyage au bout de la nuit,Un récit sombre et cynique de la Première Guerre mondiale et de la condition humaine à travers les yeux de Ferdinand Bardamu.,Roman
Les Misérables,"La vie de Jean Valjean, ancien forçat, et sa quête de rédemption dans une France en pleine mutation sociale.",Roman
Madame Bovary,"Emma Bovary, insatisfaite de sa vie provinciale, cherche l'évasion dans des passions extraconjugales et des dépenses excessives.",Roman
Le Petit Prince,"Un aviateur échoué dans le désert rencontre un petit prince venu d'une autre planète, qui lui raconte ses voyages et ses réflexions sur la vie.",Roman
Les Trois Mousquetaires,"D'Artagnan rejoint les mousquetaires du roi et se lance dans des aventures épiques aux côtés d'Athos, Porthos et Aramis.",Roman
Le Rouge et le Noir,"Julien Sorel, jeune homme ambitieux, tente de s'élever dans la société française du XIXe siècle, entre passion et hypocrisie sociale.",Roman
Les Liaisons dangereuses,Un roman épistolaire dévoilant les manipulations et intrigues amoureuses de la noblesse française avant la Révolution.,Roman
L'Écume des jours,"Dans un monde onirique, Colin vit une histoire d'amour tragique avec Chloé, atteinte d'une maladie étrange.",Roman
Germinal,"Étienne Lantier, ouvrier mineur, mène une grève pour de meilleures conditions de travail dans le nord de la France.",Roman
L'Étranger,"Meursault, un homme indifférent, tue un Arabe sans raison apparente sur une plage ensoleillée d'Alger.",Roman
Voyage au bout de la nuit,Un récit sombre et cynique de la Première Guerre mondiale et de la condition humaine à travers les yeux de Ferdinand Bardamu.,Roman
Les Misérables,"La vie de Jean Valjean, ancien forçat, et sa quête de rédemption dans une France en pleine mutation sociale.",Roman
Madame Bovary,"Emma Bovary, insatisfaite de sa vie provinciale, cherche l'évasion dans des passions extraconjugales et des dépenses excessives.",Roman
Le Petit Prince,"Un aviateur échoué dans le désert rencontre un petit prince venu d'une autre planète, qui lui raconte ses voyages et ses réflexions sur la vie.",Roman
Les Trois Mousquetaires,"D'Artagnan rejoint les mousquetaires du roi et se lance dans des aventures épiques aux côtés d'Athos, Porthos et Aramis.",Roman
Le Rouge et le Noir,"Julien Sorel, jeune homme ambitieux, tente de s'élever dans la société française du XIXe siècle, entre passion et hypocrisie sociale.",Roman
Les Liaisons dangereuses,Un roman épistolaire dévoilant les manipulations et intrigues amoureuses de la noblesse française avant la Révolution.,Roman
L'Écume des jours,"Dans un monde onirique, Colin vit une histoire d'amour tragique avec Chloé, atteinte d'une maladie étrange.",Roman
Germinal,"Étienne Lantier, ouvrier mineur, mène une grève pour de meilleures conditions de travail dans le nord de la France.",Roman
L'Étranger,"Meursault, un homme indifférent, tue un Arabe sans raison apparente sur une plage ensoleillée d'Alger.",Roman
Voyage au bout de la nuit,Un récit sombre et cynique de la Première Guerre mondiale et de la condition humaine à travers les yeux de Ferdinand Bardamu.,Roman
Les Misérables,"La vie de Jean Valjean, ancien forçat, et sa quête de rédemption dans une France en pleine mutation sociale.",Roman
Madame Bovary,"Emma Bovary, insatisfaite de sa vie provinciale, cherche l'évasion dans des passions extraconjugales et des dépenses excessives.",Roman
Le Petit Prince,"Un aviateur échoué dans le désert rencontre un petit prince venu d'une autre planète, qui lui raconte ses voyages et ses réflexions sur la vie.",Roman
Les Trois Mousquetaires,"D'Artagnan rejoint les mousquetaires du roi et se lance dans des aventures épiques aux côtés d'Athos, Porthos et Aramis.",Roman
Le Rouge et le Noir,"Julien Sorel, jeune homme ambitieux, tente de s'élever dans la société française du XIXe siècle, entre passion et hypocrisie sociale.",Roman
Les Liaisons dangereuses,Un roman épistolaire dévoilant les manipulations et intrigues amoureuses de la noblesse française avant la Révolution.,Roman
L'Écume des jours,"Dans un monde onirique, Colin vit une histoire d'amour tragique avec Chloé, atteinte d'une maladie étrange.",Roman
Germinal,"Étienne Lantier, ouvrier mineur, mène une grève pour de meilleures conditions de travail dans le nord de la France.",Roman
L'Étranger,"Meursault, un homme indifférent, tue un Arabe sans raison apparente sur une plage ensoleillée d'Alger.",Roman
Voyage au bout de la nuit,Un récit sombre et cynique de la Première Guerre mondiale et de la condition humaine à travers les yeux de Ferdinand Bardamu.,Roman
Les Misérables,"La vie de Jean Valjean, ancien forçat, et sa quête de rédemption dans une France en pleine mutation sociale.",Roman
Madame Bovary,"Emma Bovary, insatisfaite de sa vie provinciale, cherche l'évasion dans des passions extraconjugales et des dépenses excessives.",Roman
Le Petit Prince,"Un aviateur échoué dans le désert rencontre un petit prince venu d'une autre planète, qui lui raconte ses voyages et ses réflexions sur la vie.",Roman
Les Trois Mousquetaires,"D'Artagnan rejoint les mousquetaires du roi et se lance dans des aventures épiques aux côtés d'Athos, Porthos et Aramis.",Roman
Le Rouge et le Noir,"Julien Sorel, jeune homme ambitieux, tente de s'élever dans la société française du XIXe siècle, entre passion et hypocrisie sociale.",Roman
Les Liaisons dangereuses,Un roman épistolaire dévoilant les manipulations et intrigues amoureuses de la noblesse française avant la Révolution.,Roman
L'Écume des jours,"Dans un monde onirique, Colin vit une histoire d'amour tragique avec Chloé, atteinte d'une maladie étrange.",Roman
Germinal,"Étienne Lantier, ouvrier mineur, mène une grève pour de meilleures conditions de travail dans le nord de la France.",Roman
L'Étranger,"Meursault, un homme indifférent, tue un Arabe sans raison apparente sur une plage ensoleillée d'Alger.",Roman
Voyage au bout de la nuit,Un récit sombre et cynique de la Première Guerre mondiale et de la condition humaine à travers les yeux de Ferdinand Bardamu.,Roman
Les Misérables,"La vie de Jean Valjean, ancien forçat, et sa quête de rédemption dans une France en pleine mutation sociale.",Roman
Madame Bovary,"Emma Bovary, insatisfaite de sa vie provinciale, cherche l'évasion dans des passions extraconjugales et des dépenses excessives.",Roman
Le Petit Prince,"Un aviateur échoué dans le désert rencontre un petit prince venu d'une autre planète, qui lui raconte ses voyages et ses réflexions sur la vie.",Roman
Les Trois Mousquetaires,"D'Artagnan rejoint les mousquetaires du roi et se lance dans des aventures épiques aux côtés d'Athos, Porthos et Aramis.",Roman
Le Rouge et le Noir,"Julien Sorel, jeune homme ambitieux, tente de s'élever dans la société française du XIXe siècle, entre passion et hypocrisie sociale.",Roman
Les Liaisons dangereuses,Un roman épistolaire dévoilant les manipulations et intrigues amoureuses de la noblesse française avant la Révolution.,Roman
L'Écume des jours,"Dans un monde onirique, Colin vit une histoire d'amour tragique avec Chloé, atteinte d'une maladie étrange.",Roman
Germinal,"Étienne Lantier, ouvrier mineur, mène une grève pour de meilleures conditions de travail dans le nord de la France.",Roman
La Nuit des temps,Une équipe scientifique découvre sous la glace de l'Antarctique une civilisation disparue.,Science-fiction
Fondation,Hari Seldon développe la psychohistoire pour prédire et sauver l'avenir de l'humanité.,Science-fiction
Dune,"La lutte de Paul Atréides pour contrôler la planète désertique d'Arrakis et sa ressource précieuse, l'épice.",Science-fiction
1984,Une dystopie effrayante où Big Brother surveille constamment les citoyens.,Science-fiction
Le Meilleur des mondes,"Une société futuriste dominée par la technologie, le conditionnement génétique et le bonheur obligatoire.",Science-fiction
Fahrenheit 451,"Dans un futur oppressif, les livres sont interdits et brûlés par les pompiers.",Science-fiction
Ubik,Un univers instable où la réalité est constamment remise en question après une mystérieuse explosion.,Science-fiction
Les Robots,Les robots intelligents coexistent avec les humains et suivent strictement les Trois Lois de la robotique.,Science-fiction
La Guerre des mondes,"La Terre est envahie par des extraterrestres hostiles, provoquant une guerre dévastatrice.",Science-fiction
Le Cycle d'Ender,"Ender Wiggin, un enfant surdoué, est entraîné à devenir un stratège militaire contre une menace extraterrestre.",Science-fiction
La Nuit des temps,Une équipe scientifique découvre sous la glace de l'Antarctique une civilisation disparue.,Science-fiction
Fondation,Hari Seldon développe la psychohistoire pour prédire et sauver l'avenir de l'humanité.,Science-fiction
Dune,"La lutte de Paul Atréides pour contrôler la planète désertique d'Arrakis et sa ressource précieuse, l'épice.",Science-fiction
1984,Une dystopie effrayante où Big Brother surveille constamment les citoyens.,Science-fiction
Le Meilleur des mondes,"Une société futuriste dominée par la technologie, le conditionnement génétique et le bonheur obligatoire.",Science-fiction
Fahrenheit 451,"Dans un futur oppressif, les livres sont interdits et brûlés par les pompiers.",Science-fiction
Ubik,Un univers instable où la réalité est constamment remise en question après une mystérieuse explosion.,Science-fiction
Les Robots,Les robots intelligents coexistent avec les humains et suivent strictement les Trois Lois de la robotique.,Science-fiction
La Guerre des mondes,"La Terre est envahie par des extraterrestres hostiles, provoquant une guerre dévastatrice.",Science-fiction
Le Cycle d'Ender,"Ender Wiggin, un enfant surdoué, est entraîné à devenir un stratège militaire contre une menace extraterrestre.",Science-fiction
La Nuit des temps,Une équipe scientifique découvre sous la glace de l'Antarctique une civilisation disparue.,Science-fiction
Fondation,Hari Seldon développe la psychohistoire pour prédire et sauver l'avenir de l'humanité.,Science-fiction
Dune,"La lutte de Paul Atréides pour contrôler la planète désertique d'Arrakis et sa ressource précieuse, l'épice.",Science-fiction
1984,Une dystopie effrayante où Big Brother surveille constamment les citoyens.,Science-fiction
Le Meilleur des mondes,"Une société futuriste dominée par la technologie, le conditionnement génétique et le bonheur obligatoire.",Science-fiction
Fahrenheit 451,"Dans un futur oppressif, les livres sont interdits et brûlés par les pompiers.",Science-fiction
Ubik,Un univers instable où la réalité est constamment remise en question après une mystérieuse explosion.,Science-fiction
Les Robots,Les robots intelligents coexistent avec les humains et suivent strictement les Trois Lois de la robotique.,Science-fiction
La Guerre des mondes,"La Terre est envahie par des extraterrestres hostiles, provoquant une guerre dévastatrice.",Science-fiction
Le Cycle d'Ender,"Ender Wiggin, un enfant surdoué, est entraîné à devenir un stratège militaire contre une menace extraterrestre.",Science-fiction
La Nuit des temps,Une équipe scientifique découvre sous la glace de l'Antarctique une civilisation disparue.,Science-fiction
Fondation,Hari Seldon développe la psychohistoire pour prédire et sauver l'avenir de l'humanité.,Science-fiction
Dune,"La lutte de Paul Atréides pour contrôler la planète désertique d'Arrakis et sa ressource précieuse, l'épice.",Science-fiction
1984,Une dystopie effrayante où Big Brother surveille constamment les citoyens.,Science-fiction
Le Meilleur des mondes,"Une société futuriste dominée par la technologie, le conditionnement génétique et le bonheur obligatoire.",Science-fiction
Fahrenheit 451,"Dans un futur oppressif, les livres sont interdits et brûlés par les pompiers.",Science-fiction
Ubik,Un univers instable où la réalité est constamment remise en question après une mystérieuse explosion.,Science-fiction
Les Robots,Les robots intelligents coexistent avec les humains et suivent strictement les Trois Lois de la robotique.,Science-fiction
La Guerre des mondes,"La Terre est envahie par des extraterrestres hostiles, provoquant une guerre dévastatrice.",Science-fiction
Le Cycle d'Ender,"Ender Wiggin, un enfant surdoué, est entraîné à devenir un stratège militaire contre une menace extraterrestre.",Science-fiction
La Nuit des temps,Une équipe scientifique découvre sous la glace de l'Antarctique une civilisation disparue.,Science-fiction
Fondation,Hari Seldon développe la psychohistoire pour prédire et sauver l'avenir de l'humanité.,Science-fiction
Dune,"La lutte de Paul Atréides pour contrôler la planète désertique d'Arrakis et sa ressource précieuse, l'épice.",Science-fiction
1984,Une dystopie effrayante où Big Brother surveille constamment les citoyens.,Science-fiction
Le Meilleur des mondes,"Une société futuriste dominée par la technologie, le conditionnement génétique et le bonheur obligatoire.",Science-fiction
Fahrenheit 451,"Dans un futur oppressif, les livres sont interdits et brûlés par les pompiers.",Science-fiction
Ubik,Un univers instable où la réalité est constamment remise en question après une mystérieuse explosion.,Science-fiction
Les Robots,Les robots intelligents coexistent avec les humains et suivent strictement les Trois Lois de la robotique.,Science-fiction
La Guerre des mondes,"La Terre est envahie par des extraterrestres hostiles, provoquant une guerre dévastatrice.",Science-fiction
Le Cycle d'Ender,"Ender Wiggin, un enfant surdoué, est entraîné à devenir un stratège militaire contre une menace extraterrestre.",Science-fiction
La Nuit des temps,Une équipe scientifique découvre sous la glace de l'Antarctique une civilisation disparue.,Science-fiction
Fondation,Hari Seldon développe la psychohistoire pour prédire et sauver l'avenir de l'humanité.,Science-fiction
Dune,"La lutte de Paul Atréides pour contrôler la planète désertique d'Arrakis et sa ressource précieuse, l'épice.",Science-fiction
1984,Une dystopie effrayante où Big Brother surveille constamment les citoyens.,Science-fiction
Le Meilleur des mondes,"Une société futuriste dominée par la technologie, le conditionnement génétique et le bonheur obligatoire.",Science-fiction
Fahrenheit 451,"Dans un futur oppressif, les livres sont interdits et brûlés par les pompiers.",Science-fiction
Ubik,Un univers instable où la réalité est constamment remise en question après une mystérieuse explosion.,Science-fiction
Les Robots,Les robots intelligents coexistent avec les humains et suivent strictement les Trois Lois de la robotique.,Science-fiction
La Guerre des mondes,"La Terre est envahie par des extraterrestres hostiles, provoquant une guerre dévastatrice.",Science-fiction
Le Cycle d'Ender,"Ender Wiggin, un enfant surdoué, est entraîné à devenir un stratège militaire contre une menace extraterrestre.",Science-fiction
La Nuit des temps,Une équipe scientifique découvre sous la glace de l'Antarctique une civilisation disparue.,Science-fiction
Fondation,Hari Seldon développe la psychohistoire pour prédire et sauver l'avenir de l'humanité.,Science-fiction
Dune,"La lutte de Paul Atréides pour contrôler la planète désertique d'Arrakis et sa ressource précieuse, l'épice.",Science-fiction
1984,Une dystopie effrayante où Big Brother surveille constamment les citoyens.,Science-fiction
Le Meilleur des mondes,"Une société futuriste dominée par la technologie, le conditionnement génétique et le bonheur obligatoire.",Science-fiction
Fahrenheit 451,"Dans un futur oppressif, les livres sont interdits et brûlés par les pompiers.",Science-fiction
Ubik,Un univers instable où la réalité est constamment remise en question après une mystérieuse explosion.,Science-fiction
Les Robots,Les robots intelligents coexistent avec les humains et suivent strictement les Trois Lois de la robotique.,Science-fiction
La Guerre des mondes,"La Terre est envahie par des extraterrestres hostiles, provoquant une guerre dévastatrice.",Science-fiction
Le Cycle d'Ender,"Ender Wiggin, un enfant surdoué, est entraîné à devenir un stratège militaire contre une menace extraterrestre.",Science-fiction
La Nuit des temps,Une équipe scientifique découvre sous la glace de l'Antarctique une civilisation disparue.,Science-fiction
Fondation,Hari Seldon développe la psychohistoire pour prédire et sauver l'avenir de l'humanité.,Science-fiction
Dune,"La lutte de Paul Atréides pour contrôler la planète désertique d'Arrakis et sa ressource précieuse, l'épice.",Science-fiction
1984,Une dystopie effrayante où Big Brother surveille constamment les citoyens.,Science-fiction
Le Meilleur des mondes,"Une société futuriste dominée par la technologie, le conditionnement génétique et le bonheur obligatoire.",Science-fiction
Fahrenheit 451,"Dans un futur oppressif, les livres sont interdits et brûlés par les pompiers.",Science-fiction
Ubik,Un univers instable où la réalité est constamment remise en question après une mystérieuse explosion.,Science-fiction
Les Robots,Les robots intelligents coexistent avec les humains et suivent strictement les Trois Lois de la robotique.,Science-fiction
La Guerre des mondes,"La Terre est envahie par des extraterrestres hostiles, provoquant une guerre dévastatrice.",Science-fiction
Le Cycle d'Ender,"Ender Wiggin, un enfant surdoué, est entraîné à devenir un stratège militaire contre une menace extraterrestre.",Science-fiction
La Nuit des temps,Une équipe scientifique découvre sous la glace de l'Antarctique une civilisation disparue.,Science-fiction
Fondation,Hari Seldon développe la psychohistoire pour prédire et sauver l'avenir de l'humanité.,Science-fiction
Dune,"La lutte de Paul Atréides pour contrôler la planète désertique d'Arrakis et sa ressource précieuse, l'épice.",Science-fiction
1984,Une dystopie effrayante où Big Brother surveille constamment les citoyens.,Science-fiction
Le Meilleur des mondes,"Une société futuriste dominée par la technologie, le conditionnement génétique et le bonheur obligatoire.",Science-fiction
Fahrenheit 451,"Dans un futur oppressif, les livres sont interdits et brûlés par les pompiers.",Science-fiction
Ubik,Un univers instable où la réalité est constamment remise en question après une mystérieuse explosion.,Science-fiction
Les Robots,Les robots intelligents coexistent avec les humains et suivent strictement les Trois Lois de la robotique.,Science-fiction
La Guerre des mondes,"La Terre est envahie par des extraterrestres hostiles, provoquant une guerre dévastatrice.",Science-fiction
Le Cycle d'Ender,"Ender Wiggin, un enfant surdoué, est entraîné à devenir un stratège militaire contre une menace extraterrestre.",Science-fiction
La Nuit des temps,Une équipe scientifique découvre sous la glace de l'Antarctique une civilisation disparue.,Science-fiction
Fondation,Hari Seldon développe la psychohistoire pour prédire et sauver l'avenir de l'humanité.,Science-fiction
Dune,"La lutte de Paul Atréides pour contrôler la planète désertique d'Arrakis et sa ressource précieuse, l'épice.",Science-fiction
1984,Une dystopie effrayante où Big Brother surveille constamment les citoyens.,Science-fiction
Le Meilleur des mondes,"Une société futuriste dominée par la technologie, le conditionnement génétique et le bonheur obligatoire.",Science-fiction
Fahrenheit 451,"Dans un futur oppressif, les livres sont interdits et brûlés par les pompiers.",Science-fiction
Ubik,Un univers instable où la réalité est constamment remise en question après une mystérieuse explosion.,Science-fiction
Les Robots,Les robots intelligents coexistent avec les humains et suivent strictement les Trois Lois de la robotique.,Science-fiction
La Guerre des mondes,"La Terre est envahie par des extraterrestres hostiles, provoquant une guerre dévastatrice.",Science-fiction
Le Cycle d'Ender,"Ender Wiggin, un enfant surdoué, est entraîné à devenir un stratège militaire contre une menace extraterrestre.",Science-fiction
Le Seigneur des Anneaux,"Une quête pour détruire un anneau magique dans un monde peuplé d’elfes, de hobbits et de magiciens.",Fantasy
Harry Potter à l'école des sorciers,"Un jeune sorcier découvre ses pouvoirs et entre à Poudlard, une école de magie.",Fantasy
Eragon,Un jeune garçon découvre qu’il est destiné à devenir dragonnier et affronter un empire maléfique.,Fantasy
Le Trône de fer,Une lutte de pouvoir sanglante pour le trône de Westeros dans un univers médiéval et magique.,Fantasy
Les Chroniques de Narnia,Des enfants découvrent un monde magique derrière une armoire et se battent contre les forces du mal.,Fantasy
À la croisée des mondes,"Lyra, une jeune fille, parcourt des mondes parallèles pour sauver son ami et découvrir une vérité cachée.",Fantasy
L'Assassin Royal,"FitzChevalerie, bâtard royal, devient assassin pour le trône et affronte des forces obscures.",Fantasy
Le Sorceleur,"Geralt de Riv, un chasseur de monstres, affronte des créatures magiques et des dilemmes moraux.",Fantasy
Le Nom du vent,"Kvothe, un héros légendaire, raconte son passé d’orphelin, de musicien et de magicien.",Fantasy
La Belgariade,Un jeune paysan découvre ses pouvoirs et part sauver le monde d'une ancienne prophétie.,Fantasy
Le Seigneur des Anneaux,"Une quête pour détruire un anneau magique dans un monde peuplé d’elfes, de hobbits et de magiciens.",Fantasy
Harry Potter à l'école des sorciers,"Un jeune sorcier découvre ses pouvoirs et entre à Poudlard, une école de magie.",Fantasy
Eragon,Un jeune garçon découvre qu’il est destiné à devenir dragonnier et affronter un empire maléfique.,Fantasy
Le Trône de fer,Une lutte de pouvoir sanglante pour le trône de Westeros dans un univers médiéval et magique.,Fantasy
Les Chroniques de Narnia,Des enfants découvrent un monde magique derrière une armoire et se battent contre les forces du mal.,Fantasy
À la croisée des mondes,"Lyra, une jeune fille, parcourt des mondes parallèles pour sauver son ami et découvrir une vérité cachée.",Fantasy
L'Assassin Royal,"FitzChevalerie, bâtard royal, devient assassin pour le trône et affronte des forces obscures.",Fantasy
Le Sorceleur,"Geralt de Riv, un chasseur de monstres, affronte des créatures magiques et des dilemmes moraux.",Fantasy
Le Nom du vent,"Kvothe, un héros légendaire, raconte son passé d’orphelin, de musicien et de magicien.",Fantasy
La Belgariade,Un jeune paysan découvre ses pouvoirs et part sauver le monde d'une ancienne prophétie.,Fantasy
Le Seigneur des Anneaux,"Une quête pour détruire un anneau magique dans un monde peuplé d’elfes, de hobbits et de magiciens.",Fantasy
Harry Potter à l'école des sorciers,"Un jeune sorcier découvre ses pouvoirs et entre à Poudlard, une école de magie.",Fantasy
Eragon,Un jeune garçon découvre qu’il est destiné à devenir dragonnier et affronter un empire maléfique.,Fantasy
Le Trône de fer,Une lutte de pouvoir sanglante pour le trône de Westeros dans un univers médiéval et magique.,Fantasy
Les Chroniques de Narnia,Des enfants découvrent un monde magique derrière une armoire et se battent contre les forces du mal.,Fantasy
À la croisée des mondes,"Lyra, une jeune fille, parcourt des mondes parallèles pour sauver son ami et découvrir une vérité cachée.",Fantasy
L'Assassin Royal,"FitzChevalerie, bâtard royal, devient assassin pour le trône et affronte des forces obscures.",Fantasy
Le Sorceleur,"Geralt de Riv, un chasseur de monstres, affronte des créatures magiques et des dilemmes moraux.",Fantasy
Le Nom du vent,"Kvothe, un héros légendaire, raconte son passé d’orphelin, de musicien et de magicien.",Fantasy
La Belgariade,Un jeune paysan découvre ses pouvoirs et part sauver le monde d'une ancienne prophétie.,Fantasy
Le Seigneur des Anneaux,"Une quête pour détruire un anneau magique dans un monde peuplé d’elfes, de hobbits et de magiciens.",Fantasy
Harry Potter à l'école des sorciers,"Un jeune sorcier découvre ses pouvoirs et entre à Poudlard, une école de magie.",Fantasy
Eragon,Un jeune garçon découvre qu’il est destiné à devenir dragonnier et affronter un empire maléfique.,Fantasy
Le Trône de fer,Une lutte de pouvoir sanglante pour le trône de Westeros dans un univers médiéval et magique.,Fantasy
Les Chroniques de Narnia,Des enfants découvrent un monde magique derrière une armoire et se battent contre les forces du mal.,Fantasy
À la croisée des mondes,"Lyra, une jeune fille, parcourt des mondes parallèles pour sauver son ami et découvrir une vérité cachée.",Fantasy
L'Assassin Royal,"FitzChevalerie, bâtard royal, devient assassin pour le trône et affronte des forces obscures.",Fantasy
Le Sorceleur,"Geralt de Riv, un chasseur de monstres, affronte des créatures magiques et des dilemmes moraux.",Fantasy
Le Nom du vent,"Kvothe, un héros légendaire, raconte son passé d’orphelin, de musicien et de magicien.",Fantasy
La Belgariade,Un jeune paysan découvre ses pouvoirs et part sauver le monde d'une ancienne prophétie.,Fantasy
Le Seigneur des Anneaux,"Une quête pour détruire un anneau magique dans un monde peuplé d’elfes, de hobbits et de magiciens.",Fantasy
Harry Potter à l'école des sorciers,"Un jeune sorcier découvre ses pouvoirs et entre à Poudlard, une école de magie.",Fantasy
Eragon,Un jeune garçon découvre qu’il est destiné à devenir dragonnier et affronter un empire maléfique.,Fantasy
Le Trône de fer,Une lutte de pouvoir sanglante pour le trône de Westeros dans un univers médiéval et magique.,Fantasy
Les Chroniques de Narnia,Des enfants découvrent un monde magique derrière une armoire et se battent contre les forces du mal.,Fantasy
À la croisée des mondes,"Lyra, une jeune fille, parcourt des mondes parallèles pour sauver son ami et découvrir une vérité cachée.",Fantasy
L'Assassin Royal,"FitzChevalerie, bâtard royal, devient assassin pour le trône et affronte des forces obscures.",Fantasy
Le Sorceleur,"Geralt de Riv, un chasseur de monstres, affronte des créatures magiques et des dilemmes moraux.",Fantasy
Le Nom du vent,"Kvothe, un héros légendaire, raconte son passé d’orphelin, de musicien et de magicien.",Fantasy
La Belgariade,Un jeune paysan découvre ses pouvoirs et part sauver le monde d'une ancienne prophétie.,Fantasy
Le Seigneur des Anneaux,"Une quête pour détruire un anneau magique dans un monde peuplé d’elfes, de hobbits et de magiciens.",Fantasy
Harry Potter à l'école des sorciers,"Un jeune sorcier découvre ses pouvoirs et entre à Poudlard, une école de magie.",Fantasy
Eragon,Un jeune garçon découvre qu’il est destiné à devenir dragonnier et affronter un empire maléfique.,Fantasy
Le Trône de fer,Une lutte de pouvoir sanglante pour le trône de Westeros dans un univers médiéval et magique.,Fantasy
Les Chroniques de Narnia,Des enfants découvrent un monde magique derrière une armoire et se battent contre les forces du mal.,Fantasy
À la croisée des mondes,"Lyra, une jeune fille, parcourt des mondes parallèles pour sauver son ami et découvrir une vérité cachée.",Fantasy
L'Assassin Royal,"FitzChevalerie, bâtard royal, devient assassin pour le trône et affronte des forces obscures.",Fantasy
Le Sorceleur,"Geralt de Riv, un chasseur de monstres, affronte des créatures magiques et des dilemmes moraux.",Fantasy
Le Nom du vent,"Kvothe, un héros légendaire, raconte son passé d’orphelin, de musicien et de magicien.",Fantasy
La Belgariade,Un jeune paysan découvre ses pouvoirs et part sauver le monde d'une ancienne prophétie.,Fantasy
Le Seigneur des Anneaux,"Une quête pour détruire un anneau magique dans un monde peuplé d’elfes, de hobbits et de magiciens.",Fantasy
Harry Potter à l'école des sorciers,"Un jeune sorcier découvre ses pouvoirs et entre à Poudlard, une école de magie.",Fantasy
Eragon,Un jeune garçon découvre qu’il est destiné à devenir dragonnier et affronter un empire maléfique.,Fantasy
Le Trône de fer,Une lutte de pouvoir sanglante pour le trône de Westeros dans un univers médiéval et magique.,Fantasy
Les Chroniques de Narnia,Des enfants découvrent un monde magique derrière une armoire et se battent contre les forces du mal.,Fantasy
À la croisée des mondes,"Lyra, une jeune fille, parcourt des mondes parallèles pour sauver son ami et découvrir une vérité cachée.",Fantasy
L'Assassin Royal,"FitzChevalerie, bâtard royal, devient assassin pour le trône et affronte des forces obscures.",Fantasy
Le Sorceleur,"Geralt de Riv, un chasseur de monstres, affronte des créatures magiques et des dilemmes moraux.",Fantasy
Le Nom du vent,"Kvothe, un héros légendaire, raconte son passé d’orphelin, de musicien et de magicien.",Fantasy
La Belgariade,Un jeune paysan découvre ses pouvoirs et part sauver le monde d'une ancienne prophétie.,Fantasy
Le Seigneur des Anneaux,"Une quête pour détruire un anneau magique dans un monde peuplé d’elfes, de hobbits et de magiciens.",Fantasy
Harry Potter à l'école des sorciers,"Un jeune sorcier découvre ses pouvoirs et entre à Poudlard, une école de magie.",Fantasy
Eragon,Un jeune garçon découvre qu’il est destiné à devenir dragonnier et affronter un empire maléfique.,Fantasy
Le Trône de fer,Une lutte de pouvoir sanglante pour le trône de Westeros dans un univers médiéval et magique.,Fantasy
Les Chroniques de Narnia,Des enfants découvrent un monde magique derrière une armoire et se battent contre les forces du mal.,Fantasy
À la croisée des mondes,"Lyra, une jeune fille, parcourt des mondes parallèles pour sauver son ami et découvrir une vérité cachée.",Fantasy
L'Assassin Royal,"FitzChevalerie, bâtard royal, devient assassin pour le trône et affronte des forces obscures.",Fantasy
Le Sorceleur,"Geralt de Riv, un chasseur de monstres, affronte des créatures magiques et des dilemmes moraux.",Fantasy
Le Nom du vent,"Kvothe, un héros légendaire, raconte son passé d’orphelin, de musicien et de magicien.",Fantasy
La Belgariade,Un jeune paysan découvre ses pouvoirs et part sauver le monde d'une ancienne prophétie.,Fantasy
Le Seigneur des Anneaux,"Une quête pour détruire un anneau magique dans un monde peuplé d’elfes, de hobbits et de magiciens.",Fantasy
Harry Potter à l'école des sorciers,"Un jeune sorcier découvre ses pouvoirs et entre à Poudlard, une école de magie.",Fantasy
Eragon,Un jeune garçon découvre qu’il est destiné à devenir dragonnier et affronter un empire maléfique.,Fantasy
Le Trône de fer,Une lutte de pouvoir sanglante pour le trône de Westeros dans un univers médiéval et magique.,Fantasy
Les Chroniques de Narnia,Des enfants découvrent un monde magique derrière une armoire et se battent contre les forces du mal.,Fantasy
À la croisée des mondes,"Lyra, une jeune fille, parcourt des mondes parallèles pour sauver son ami et découvrir une vérité cachée.",Fantasy
L'Assassin Royal,"FitzChevalerie, bâtard royal, devient assassin pour le trône et affronte des forces obscures.",Fantasy
Le Sorceleur,"Geralt de Riv, un chasseur de monstres, affronte des créatures magiques et des dilemmes moraux.",Fantasy
Le Nom du vent,"Kvothe, un héros légendaire, raconte son passé d’orphelin, de musicien et de magicien.",Fantasy
La Belgariade,Un jeune paysan découvre ses pouvoirs et part sauver le monde d'une ancienne prophétie.,Fantasy
Le Seigneur des Anneaux,"Une quête pour détruire un anneau magique dans un monde peuplé d’elfes, de hobbits et de magiciens.",Fantasy
Harry Potter à l'école des sorciers,"Un jeune sorcier découvre ses pouvoirs et entre à Poudlard, une école de magie.",Fantasy
Eragon,Un jeune garçon découvre qu’il est destiné à devenir dragonnier et affronter un empire maléfique.,Fantasy
Le Trône de fer,Une lutte de pouvoir sanglante pour le trône de Westeros dans un univers médiéval et magique.,Fantasy
Les Chroniques de Narnia,Des enfants découvrent un monde magique derrière une armoire et se battent contre les forces du mal.,Fantasy
À la croisée des mondes,"Lyra, une jeune fille, parcourt des mondes parallèles pour sauver son ami et découvrir une vérité cachée.",Fantasy
L'Assassin Royal,"FitzChevalerie, bâtard royal, devient assassin pour le trône et affronte des forces obscures.",Fantasy
Le Sorceleur,"Geralt de Riv, un chasseur de monstres, affronte des créatures magiques et des dilemmes moraux.",Fantasy
Le Nom du vent,"Kvothe, un héros légendaire, raconte son passé d’orphelin, de musicien et de magicien.",Fantasy
La Belgariade,Un jeune paysan découvre ses pouvoirs et part sauver le monde d'une ancienne prophétie.,Fantasy
Le Seigneur des Anneaux,"Une quête pour détruire un anneau magique dans un monde peuplé d’elfes, de hobbits et de magiciens.",Fantasy
Harry Potter à l'école des sorciers,"Un jeune sorcier découvre ses pouvoirs et entre à Poudlard, une école de magie.",Fantasy
Eragon,Un jeune garçon découvre qu’il est destiné à devenir dragonnier et affronter un empire maléfique.,Fantasy
Le Trône de fer,Une lutte de pouvoir sanglante pour le trône de Westeros dans un univers médiéval et magique.,Fantasy
Les Chroniques de Narnia,Des enfants découvrent un monde magique derrière une armoire et se battent contre les forces du mal.,Fantasy
À la croisée des mondes,"Lyra, une jeune fille, parcourt des mondes parallèles pour sauver son ami et découvrir une vérité cachée.",Fantasy
L'Assassin Royal,"FitzChevalerie, bâtard royal, devient assassin pour le trône et affronte des forces obscures.",Fantasy
Le Sorceleur,"Geralt de Riv, un chasseur de monstres, affronte des créatures magiques et des dilemmes moraux.",Fantasy
Le Nom du vent,"Kvothe, un héros légendaire, raconte son passé d’orphelin, de musicien et de magicien.",Fantasy
La Belgariade,Un jeune paysan découvre ses pouvoirs et part sauver le monde d'une ancienne prophétie.,Fantasy
Le Seigneur des Anneaux,"Une quête pour détruire un anneau magique dans un monde peuplé d’elfes, de hobbits et de magiciens.",Fantasy
Harry Potter à l'école des sorciers,"Un jeune sorcier découvre ses pouvoirs et entre à Poudlard, une école de magie.",Fantasy
Eragon,Un jeune garçon découvre qu’il est destiné à devenir dragonnier et affronter un empire maléfique.,Fantasy
Le Trône de fer,Une lutte de pouvoir sanglante pour le trône de Westeros dans un univers médiéval et magique.,Fantasy
Les Chroniques de Narnia,Des enfants découvrent un monde magique derrière une armoire et se battent contre les forces du mal.,Fantasy
À la croisée des mondes,"Lyra, une jeune fille, parcourt des mondes parallèles pour sauver son ami et découvrir une vérité cachée.",Fantasy
L'Assassin Royal,"FitzChevalerie, bâtard royal, devient assassin pour le trône et affronte des forces obscures.",Fantasy
Le Sorceleur,"Geralt de Riv, un chasseur de monstres, affronte des créatures magiques et des dilemmes moraux.",Fantasy
Le Nom du vent,"Kvothe, un héros légendaire, raconte son passé d’orphelin, de musicien et de magicien.",Fantasy
La Belgariade,Un jeune paysan découvre ses pouvoirs et part sauver le monde d'une ancienne prophétie.,Fantasy
Le Seigneur des Anneaux,"Une quête pour détruire un anneau magique dans un monde peuplé d’elfes, de hobbits et de magiciens.",Fantasy
Harry Potter à l'école des sorciers,"Un jeune sorcier découvre ses pouvoirs et entre à Poudlard, une école de magie.",Fantasy
Eragon,Un jeune garçon découvre qu’il est destiné à devenir dragonnier et affronter un empire maléfique.,Fantasy
Le Trône de fer,Une lutte de pouvoir sanglante pour le trône de Westeros dans un univers médiéval et magique.,Fantasy
Les Chroniques de Narnia,Des enfants découvrent un monde magique derrière une armoire et se battent contre les forces du mal.,Fantasy
À la croisée des mondes,"Lyra, une jeune fille, parcourt des mondes parallèles pour sauver son ami et découvrir une vérité cachée.",Fantasy
L'Assassin Royal,"FitzChevalerie, bâtard royal, devient assassin pour le trône et affronte des forces obscures.",Fantasy
Le Sorceleur,"Geralt de Riv, un chasseur de monstres, affronte des créatures magiques et des dilemmes moraux.",Fantasy
Le Nom du vent,"Kvothe, un héros légendaire, raconte son passé d’orphelin, de musicien et de magicien.",Fantasy
La Belgariade,Un jeune paysan découvre ses pouvoirs et part sauver le monde d'une ancienne prophétie.,Fantasy
Le Seigneur des Anneaux,"Une quête pour détruire un anneau magique dans un monde peuplé d’elfes, de hobbits et de magiciens.",Fantasy
Harry Potter à l'école des sorciers,"Un jeune sorcier découvre ses pouvoirs et entre à Poudlard, une école de magie.",Fantasy
Eragon,Un jeune garçon découvre qu’il est destiné à devenir dragonnier et affronter un empire maléfique.,Fantasy
Le Trône de fer,Une lutte de pouvoir sanglante pour le trône de Westeros dans un univers médiéval et magique.,Fantasy
Les Chroniques de Narnia,Des enfants découvrent un monde magique derrière une armoire et se battent contre les forces du mal.,Fantasy
À la croisée des mondes,"Lyra, une jeune fille, parcourt des mondes parallèles pour sauver son ami et découvrir une vérité cachée.",Fantasy
L'Assassin Royal,"FitzChevalerie, bâtard royal, devient assassin pour le trône et affronte des forces obscures.",Fantasy
Le Sorceleur,"Geralt de Riv, un chasseur de monstres, affronte des créatures magiques et des dilemmes moraux.",Fantasy
Le Nom du vent,"Kvothe, un héros légendaire, raconte son passé d’orphelin, de musicien et de magicien.",Fantasy
La Belgariade,Un jeune paysan découvre ses pouvoirs et part sauver le monde d'une ancienne prophétie.,Fantasy
Le Seigneur des Anneaux,"Une quête pour détruire un anneau magique dans un monde peuplé d’elfes, de hobbits et de magiciens.",Fantasy
Harry Potter à l'école des sorciers,"Un jeune sorcier découvre ses pouvoirs et entre à Poudlard, une école de magie.",Fantasy
Eragon,Un jeune garçon découvre qu’il est destiné à devenir dragonnier et affronter un empire maléfique.,Fantasy
Le Trône de fer,Une lutte de pouvoir sanglante pour le trône de Westeros dans un univers médiéval et magique.,Fantasy
Les Chroniques de Narnia,Des enfants découvrent un monde magique derrière une armoire et se battent contre les forces du mal.,Fantasy
À la croisée des mondes,"Lyra, une jeune fille, parcourt des mondes parallèles pour sauver son ami et découvrir une vérité cachée.",Fantasy
L'Assassin Royal,"FitzChevalerie, bâtard royal, devient assassin pour le trône et affronte des forces obscures.",Fantasy
Le Sorceleur,"Geralt de Riv, un chasseur de monstres, affronte des créatures magiques et des dilemmes moraux.",Fantasy
Le Nom du vent,"Kvothe, un héros légendaire, raconte son passé d’orphelin, de musicien et de magicien.",Fantasy
La Belgariade,Un jeune paysan découvre ses pouvoirs et part sauver le monde d'une ancienne prophétie.,Fantasy
Le Seigneur des Anneaux,"Une quête pour détruire un anneau magique dans un monde peuplé d’elfes, de hobbits et de magiciens.",Fantasy
Harry Potter à l'école des sorciers,"Un jeune sorcier découvre ses pouvoirs et entre à Poudlard, une école de magie.",Fantasy
Eragon,Un jeune garçon découvre qu’il est destiné à devenir dragonnier et affronter un empire maléfique.,Fantasy
Le Trône de fer,Une lutte de pouvoir sanglante pour le trône de Westeros dans un univers médiéval et magique.,Fantasy
Les Chroniques de Narnia,Des enfants découvrent un monde magique derrière une armoire et se battent contre les forces du mal.,Fantasy
À la croisée des mondes,"Lyra, une jeune fille, parcourt des mondes parallèles pour sauver son ami et découvrir une vérité cachée.",Fantasy
L'Assassin Royal,"FitzChevalerie, bâtard royal, devient assassin pour le trône et affronte des forces obscures.",Fantasy
Le Sorceleur,"Geralt de Riv, un chasseur de monstres, affronte des créatures magiques et des dilemmes moraux.",Fantasy
Le Nom du vent,"Kvothe, un héros légendaire, raconte son passé d’orphelin, de musicien et de magicien.",Fantasy
La Belgariade,Un jeune paysan découvre ses pouvoirs et part sauver le monde d'une ancienne prophétie.,Fantasy
Le Seigneur des Anneaux,"Une quête pour détruire un anneau magique dans un monde peuplé d’elfes, de hobbits et de magiciens.",Fantasy
Harry Potter à l'école des sorciers,"Un jeune sorcier découvre ses pouvoirs et entre à Poudlard, une école de magie.",Fantasy
Eragon,Un jeune garçon découvre qu’il est destiné à devenir dragonnier et affronter un empire maléfique.,Fantasy
Le Trône de fer,Une lutte de pouvoir sanglante pour le trône de Westeros dans un univers médiéval et magique.,Fantasy
Les Chroniques de Narnia,Des enfants découvrent un monde magique derrière une armoire et se battent contre les forces du mal.,Fantasy
À la croisée des mondes,"Lyra, une jeune fille, parcourt des mondes parallèles pour sauver son ami et découvrir une vérité cachée.",Fantasy
L'Assassin Royal,"FitzChevalerie, bâtard royal, devient assassin pour le trône et affronte des forces obscures.",Fantasy
Le Sorceleur,"Geralt de Riv, un chasseur de monstres, affronte des créatures magiques et des dilemmes moraux.",Fantasy
Le Nom du vent,"Kvothe, un héros légendaire, raconte son passé d’orphelin, de musicien et de magicien.",Fantasy
La Belgariade,Un jeune paysan découvre ses pouvoirs et part sauver le monde d'une ancienne prophétie.,Fantasy
Le Seigneur des Anneaux,"Une quête pour détruire un anneau magique dans un monde peuplé d’elfes, de hobbits et de magiciens.",Fantasy
Harry Potter à l'école des sorciers,"Un jeune sorcier découvre ses pouvoirs et entre à Poudlard, une école de magie.",Fantasy
Eragon,Un jeune garçon découvre qu’il est destiné à devenir dragonnier et affronter un empire maléfique.,Fantasy
Le Trône de fer,Une lutte de pouvoir sanglante pour le trône de Westeros dans un univers médiéval et magique.,Fantasy
Les Chroniques de Narnia,Des enfants découvrent un monde magique derrière une armoire et se battent contre les forces du mal.,Fantasy
À la croisée des mondes,"Lyra, une jeune fille, parcourt des mondes parallèles pour sauver son ami et découvrir une vérité cachée.",Fantasy
L'Assassin Royal,"FitzChevalerie, bâtard royal, devient assassin pour le trône et affronte des forces obscures.",Fantasy
Le Sorceleur,"Geralt de Riv, un chasseur de monstres, affronte des créatures magiques et des dilemmes moraux.",Fantasy
Le Nom du vent,"Kvothe, un héros légendaire, raconte son passé d’orphelin, de musicien et de magicien.",Fantasy
La Belgariade,Un jeune paysan découvre ses pouvoirs et part sauver le monde d'une ancienne prophétie.,Fantasy
Le Seigneur des Anneaux,"Une quête pour détruire un anneau magique dans un monde peuplé d’elfes, de hobbits et de magiciens.",Fantasy
Harry Potter à l'école des sorciers,"Un jeune sorcier découvre ses pouvoirs et entre à Poudlard, une école de magie.",Fantasy
Eragon,Un jeune garçon découvre qu’il est destiné à devenir dragonnier et affronter un empire maléfique.,Fantasy
Le Trône de fer,Une lutte de pouvoir sanglante pour le trône de Westeros dans un univers médiéval et magique.,Fantasy
Les Chroniques de Narnia,Des enfants découvrent un monde magique derrière une armoire et se battent contre les forces du mal.,Fantasy
À la croisée des mondes,"Lyra, une jeune fille, parcourt des mondes parallèles pour sauver son ami et découvrir une vérité cachée.",Fantasy
L'Assassin Royal,"FitzChevalerie, bâtard royal, devient assassin pour le trône et affronte des forces obscures.",Fantasy
Le Sorceleur,"Geralt de Riv, un chasseur de monstres, affronte des créatures magiques et des dilemmes moraux.",Fantasy
Le Nom du vent,"Kvothe, un héros légendaire, raconte son passé d’orphelin, de musicien et de magicien.",Fantasy
La Belgariade,Un jeune paysan découvre ses pouvoirs et part sauver le monde d'une ancienne prophétie.,Fantasy
Le Seigneur des Anneaux,"Une quête pour détruire un anneau magique dans un monde peuplé d’elfes, de hobbits et de magiciens.",Fantasy
Harry Potter à l'école des sorciers,"Un jeune sorcier découvre ses pouvoirs et entre à Poudlard, une école de magie.",Fantasy
Eragon,Un jeune garçon découvre qu’il est destiné à devenir dragonnier et affronter un empire maléfique.,Fantasy
Le Trône de fer,Une lutte de pouvoir sanglante pour le trône de Westeros dans un univers médiéval et magique.,Fantasy
Les Chroniques de Narnia,Des enfants découvrent un monde magique derrière une armoire et se battent contre les forces du mal.,Fantasy
À la croisée des mondes,"Lyra, une jeune fille, parcourt des mondes parallèles pour sauver son ami et découvrir une vérité cachée.",Fantasy
L'Assassin Royal,"FitzChevalerie, bâtard royal, devient assassin pour le trône et affronte des forces obscures.",Fantasy
Le Sorceleur,"Geralt de Riv, un chasseur de monstres, affronte des créatures magiques et des dilemmes moraux.",Fantasy
Le Nom du vent,"Kvothe, un héros légendaire, raconte son passé d’orphelin, de musicien et de magicien.",Fantasy
La Belgariade,Un jeune paysan découvre ses pouvoirs et part sauver le monde d'une ancienne prophétie.,Fantasy
Le Seigneur des Anneaux,"Une quête pour détruire un anneau magique dans un monde peuplé d’elfes, de hobbits et de magiciens.",Fantasy
Harry Potter à l'école des sorciers,"Un jeune sorcier découvre ses pouvoirs et entre à Poudlard, une école de magie.",Fantasy
Eragon,Un jeune garçon découvre qu’il est destiné à devenir dragonnier et affronter un empire maléfique.,Fantasy
Le Trône de fer,Une lutte de pouvoir sanglante pour le trône de Westeros dans un univers médiéval et magique.,Fantasy
Les Chroniques de Narnia,Des enfants découvrent un monde magique derrière une armoire et se battent contre les forces du mal.,Fantasy
À la croisée des mondes,"Lyra, une jeune fille, parcourt des mondes parallèles pour sauver son ami et découvrir une vérité cachée.",Fantasy
L'Assassin Royal,"FitzChevalerie, bâtard royal, devient assassin pour le trône et affronte des forces obscures.",Fantasy
Le Sorceleur,"Geralt de Riv, un chasseur de monstres, affronte des créatures magiques et des dilemmes moraux.",Fantasy
Le Nom du vent,"Kvothe, un héros légendaire, raconte son passé d’orphelin, de musicien et de magicien.",Fantasy
La Belgariade,Un jeune paysan découvre ses pouvoirs et part sauver le monde d'une ancienne prophétie.,Fantasy
Le Seigneur des Anneaux,"Une quête pour détruire un anneau magique dans un monde peuplé d’elfes, de hobbits et de magiciens.",Fantasy
Harry Potter à l'école des sorciers,"Un jeune sorcier découvre ses pouvoirs et entre à Poudlard, une école de magie.",Fantasy
Eragon,Un jeune garçon découvre qu’il est destiné à devenir dragonnier et affronter un empire maléfique.,Fantasy
Le Trône de fer,Une lutte de pouvoir sanglante pour le trône de Westeros dans un univers médiéval et magique.,Fantasy
Les Chroniques de Narnia,Des enfants découvrent un monde magique derrière une armoire et se battent contre les forces du mal.,Fantasy
À la croisée des mondes,"Lyra, une jeune fille, parcourt des mondes parallèles pour sauver son ami et découvrir une vérité cachée.",Fantasy
L'Assassin Royal,"FitzChevalerie, bâtard royal, devient assassin pour le trône et affronte des forces obscures.",Fantasy
Le Sorceleur,"Geralt de Riv, un chasseur de monstres, affronte des créatures magiques et des dilemmes moraux.",Fantasy
Le Nom du vent,"Kvothe, un héros légendaire, raconte son passé d’orphelin, de musicien et de magicien.",Fantasy
La Belgariade,Un jeune paysan découvre ses pouvoirs et part sauver le monde d'une ancienne prophétie.,Fantasy
Le Seigneur des Anneaux,"Une quête pour détruire un anneau magique dans un monde peuplé d’elfes, de hobbits et de magiciens.",Fantasy
Harry Potter à l'école des sorciers,"Un jeune sorcier découvre ses pouvoirs et entre à Poudlard, une école de magie.",Fantasy
Eragon,Un jeune garçon découvre qu’il est destiné à devenir dragonnier et affronter un empire maléfique.,Fantasy
Le Trône de fer,Une lutte de pouvoir sanglante pour le trône de Westeros dans un univers médiéval et magique.,Fantasy
Les Chroniques de Narnia,Des enfants découvrent un monde magique derrière une armoire et se battent contre les forces du mal.,Fantasy
À la croisée des mondes,"Lyra, une jeune fille, parcourt des mondes parallèles pour sauver son ami et découvrir une vérité cachée.",Fantasy
L'Assassin Royal,"FitzChevalerie, bâtard royal, devient assassin pour le trône et affronte des forces obscures.",Fantasy
Le Sorceleur,"Geralt de Riv, un chasseur de monstres, affronte des créatures magiques et des dilemmes moraux.",Fantasy
Le Nom du vent,"Kvothe, un héros légendaire, raconte son passé d’orphelin, de musicien et de magicien.",Fantasy
La Belgariade,Un jeune paysan découvre ses pouvoirs et part sauver le monde d'une ancienne prophétie.,Fantasy
Le Seigneur des Anneaux,"Une quête pour détruire un anneau magique dans un monde peuplé d’elfes, de hobbits et de magiciens.",Fantasy
Harry Potter à l'école des sorciers,"Un jeune sorcier découvre ses pouvoirs et entre à Poudlard, une école de magie.",Fantasy
Eragon,Un jeune garçon découvre qu’il est destiné à devenir dragonnier et affronter un empire maléfique.,Fantasy
Le Trône de fer,Une lutte de pouvoir sanglante pour le trône de Westeros dans un univers médiéval et magique.,Fantasy
Les Chroniques de Narnia,Des enfants découvrent un monde magique derrière une armoire et se battent contre les forces du mal.,Fantasy
À la croisée des mondes,"Lyra, une jeune fille, parcourt des mondes parallèles pour sauver son ami et découvrir une vérité cachée.",Fantasy
L'Assassin Royal,"FitzChevalerie, bâtard royal, devient assassin pour le trône et affronte des forces obscures.",Fantasy
Le Sorceleur,"Geralt de Riv, un chasseur de monstres, affronte des créatures magiques et des dilemmes moraux.",Fantasy
Le Nom du vent,"Kvothe, un héros légendaire, raconte son passé d’orphelin, de musicien et de magicien.",Fantasy
La Belgariade,Un jeune paysan découvre ses pouvoirs et part sauver le monde d'une ancienne prophétie.,Fantasy
Le Seigneur des Anneaux,"Une quête pour détruire un anneau magique dans un monde peuplé d’elfes, de hobbits et de magiciens.",Fantasy
Harry Potter à l'école des sorciers,"Un jeune sorcier découvre ses pouvoirs et entre à Poudlard, une école de magie.",Fantasy
Eragon,Un jeune garçon découvre qu’il est destiné à devenir dragonnier et affronter un empire maléfique.,Fantasy
Le Trône de fer,Une lutte de pouvoir sanglante pour le trône de Westeros dans un univers médiéval et magique.,Fantasy
Les Chroniques de Narnia,Des enfants découvrent un monde magique derrière une armoire et se battent contre les forces du mal.,Fantasy
À la croisée des mondes,"Lyra, une jeune fille, parcourt des mondes parallèles pour sauver son ami et découvrir une vérité cachée.",Fantasy
L'Assassin Royal,"FitzChevalerie, bâtard royal, devient assassin pour le trône et affronte des forces obscures.",Fantasy
Le Sorceleur,"Geralt de Riv, un chasseur de monstres, affronte des créatures magiques et des dilemmes moraux.",Fantasy
Le Nom du vent,"Kvothe, un héros légendaire, raconte son passé d’orphelin, de musicien et de magicien.",Fantasy
La Belgariade,Un jeune paysan découvre ses pouvoirs et part sauver le monde d'une ancienne prophétie.,Fantasy
Le Seigneur des Anneaux,"Une quête pour détruire un anneau magique dans un monde peuplé d’elfes, de hobbits et de magiciens.",Fantasy
Harry Potter à l'école des sorciers,"Un jeune sorcier découvre ses pouvoirs et entre à Poudlard, une école de magie.",Fantasy
Eragon,Un jeune garçon découvre qu’il est destiné à devenir dragonnier et affronter un empire maléfique.,Fantasy
Le Trône de fer,Une lutte de pouvoir sanglante pour le trône de Westeros dans un univers médiéval et magique.,Fantasy
Les Chroniques de Narnia,Des enfants découvrent un monde magique derrière une armoire et se battent contre les forces du mal.,Fantasy
À la croisée des mondes,"Lyra, une jeune fille, parcourt des mondes parallèles pour sauver son ami et découvrir une vérité cachée.",Fantasy
L'Assassin Royal,"FitzChevalerie, bâtard royal, devient assassin pour le trône et affronte des forces obscures.",Fantasy
Le Sorceleur,"Geralt de Riv, un chasseur de monstres, affronte des créatures magiques et des dilemmes moraux.",Fantasy
Le Nom du vent,"Kvothe, un héros légendaire, raconte son passé d’orphelin, de musicien et de magicien.",Fantasy
La Belgariade,Un jeune paysan découvre ses pouvoirs et part sauver le monde d'une ancienne prophétie.,Fantasy
Le Seigneur des Anneaux,"Une quête pour détruire un anneau magique dans un monde peuplé d’elfes, de hobbits et de magiciens.",Fantasy
Harry Potter à l'école des sorciers,"Un jeune sorcier découvre ses pouvoirs et entre à Poudlard, une école de magie.",Fantasy
Eragon,Un jeune garçon découvre qu’il est destiné à devenir dragonnier et affronter un empire maléfique.,Fantasy
Le Trône de fer,Une lutte de pouvoir sanglante pour le trône de Westeros dans un univers médiéval et magique.,Fantasy
Les Chroniques de Narnia,Des enfants découvrent un monde magique derrière une armoire et se battent contre les forces du mal.,Fantasy
À la croisée des mondes,"Lyra, une jeune fille, parcourt des mondes parallèles pour sauver son ami et découvrir une vérité cachée.",Fantasy
L'Assassin Royal,"FitzChevalerie, bâtard royal, devient assassin pour le trône et affronte des forces obscures.",Fantasy
Le Sorceleur,"Geralt de Riv, un chasseur de monstres, affronte des créatures magiques et des dilemmes moraux.",Fantasy
Le Nom du vent,"Kvothe, un héros légendaire, raconte son passé d’orphelin, de musicien et de magicien.",Fantasy
La Belgariade,Un jeune paysan découvre ses pouvoirs et part sauver le monde d'une ancienne prophétie.,Fantasy
Le Seigneur des Anneaux,"Une quête pour détruire un anneau magique dans un monde peuplé d’elfes, de hobbits et de magiciens.",Fantasy
Harry Potter à l'école des sorciers,"Un jeune sorcier découvre ses pouvoirs et entre à Poudlard, une école de magie.",Fantasy
Eragon,Un jeune garçon découvre qu’il est destiné à devenir dragonnier et affronter un empire maléfique.,Fantasy
Le Trône de fer,Une lutte de pouvoir sanglante pour le trône de Westeros dans un univers médiéval et magique.,Fantasy
Les Chroniques de Narnia,Des enfants découvrent un monde magique derrière une armoire et se battent contre les forces du mal.,Fantasy
À la croisée des mondes,"Lyra, une jeune fille, parcourt des mondes parallèles pour sauver son ami et découvrir une vérité cachée.",Fantasy
L'Assassin Royal,"FitzChevalerie, bâtard royal, devient assassin pour le trône et affronte des forces obscures.",Fantasy
Le Sorceleur,"Geralt de Riv, un chasseur de monstres, affronte des créatures magiques et des dilemmes moraux.",Fantasy
Le Nom du vent,"Kvothe, un héros légendaire, raconte son passé d’orphelin, de musicien et de magicien.",Fantasy
La Belgariade,Un jeune paysan découvre ses pouvoirs et part sauver le monde d'une ancienne prophétie.,Fantasy
Le Seigneur des Anneaux,"Une quête pour détruire un anneau magique dans un monde peuplé d’elfes, de hobbits et de magiciens.",Fantasy
Harry Potter à l'école des sorciers,"Un jeune sorcier découvre ses pouvoirs et entre à Poudlard, une école de magie.",Fantasy
Eragon,Un jeune garçon découvre qu’il est destiné à devenir dragonnier et affronter un empire maléfique.,Fantasy
Le Trône de fer,Une lutte de pouvoir sanglante pour le trône de Westeros dans un univers médiéval et magique.,Fantasy
Les Chroniques de Narnia,Des enfants découvrent un monde magique derrière une armoire et se battent contre les forces du mal.,Fantasy
À la croisée des mondes,"Lyra, une jeune fille, parcourt des mondes parallèles pour sauver son ami et découvrir une vérité cachée.",Fantasy
L'Assassin Royal,"FitzChevalerie, bâtard royal, devient assassin pour le trône et affronte des forces obscures.",Fantasy
Le Sorceleur,"Geralt de Riv, un chasseur de monstres, affronte des créatures magiques et des dilemmes moraux.",Fantasy
Le Nom du vent,"Kvothe, un héros légendaire, raconte son passé d’orphelin, de musicien et de magicien.",Fantasy
La Belgariade,Un jeune paysan découvre ses pouvoirs et part sauver le monde d'une ancienne prophétie.,Fantasy
Le Seigneur des Anneaux,"Une quête pour détruire un anneau magique dans un monde peuplé d’elfes, de hobbits et de magiciens.",Fantasy
Harry Potter à l'école des sorciers,"Un jeune sorcier découvre ses pouvoirs et entre à Poudlard, une école de magie.",Fantasy
Eragon,Un jeune garçon découvre qu’il est destiné à devenir dragonnier et affronter un empire maléfique.,Fantasy
Le Trône de fer,Une lutte de pouvoir sanglante pour le trône de Westeros dans un univers médiéval et magique.,Fantasy
Les Chroniques de Narnia,Des enfants découvrent un monde magique derrière une armoire et se battent contre les forces du mal.,Fantasy
À la croisée des mondes,"Lyra, une jeune fille, parcourt des mondes parallèles pour sauver son ami et découvrir une vérité cachée.",Fantasy
L'Assassin Royal,"FitzChevalerie, bâtard royal, devient assassin pour le trône et affronte des forces obscures.",Fantasy
Le Sorceleur,"Geralt de Riv, un chasseur de monstres, affronte des créatures magiques et des dilemmes moraux.",Fantasy
Le Nom du vent,"Kvothe, un héros légendaire, raconte son passé d’orphelin, de musicien et de magicien.",Fantasy
La Belgariade,Un jeune paysan découvre ses pouvoirs et part sauver le monde d'une ancienne prophétie.,Fantasy
Le Seigneur des Anneaux,"Une quête pour détruire un anneau magique dans un monde peuplé d’elfes, de hobbits et de magiciens.",Fantasy
Harry Potter à l'école des sorciers,"Un jeune sorcier découvre ses pouvoirs et entre à Poudlard, une école de magie.",Fantasy
Eragon,Un jeune garçon découvre qu’il est destiné à devenir dragonnier et affronter un empire maléfique.,Fantasy
Le Trône de fer,Une lutte de pouvoir sanglante pour le trône de Westeros dans un univers médiéval et magique.,Fantasy
Les Chroniques de Narnia,Des enfants découvrent un monde magique derrière une armoire et se battent contre les forces du mal.,Fantasy
À la croisée des mondes,"Lyra, une jeune fille, parcourt des mondes parallèles pour sauver son ami et découvrir une vérité cachée.",Fantasy
L'Assassin Royal,"FitzChevalerie, bâtard royal, devient assassin pour le trône et affronte des forces obscures.",Fantasy
Le Sorceleur,"Geralt de Riv, un chasseur de monstres, affronte des créatures magiques et des dilemmes moraux.",Fantasy
Le Nom du vent,"Kvothe, un héros légendaire, raconte son passé d’orphelin, de musicien et de magicien.",Fantasy
La Belgariade,Un jeune paysan découvre ses pouvoirs et part sauver le monde d'une ancienne prophétie.,Fantasy
Le Seigneur des Anneaux,"Une quête pour détruire un anneau magique dans un monde peuplé d’elfes, de hobbits et de magiciens.",Fantasy
Harry Potter à l'école des sorciers,"Un jeune sorcier découvre ses pouvoirs et entre à Poudlard, une école de magie.",Fantasy
Eragon,Un jeune garçon découvre qu’il est destiné à devenir dragonnier et affronter un empire maléfique.,Fantasy
Le Trône de fer,Une lutte de pouvoir sanglante pour le trône de Westeros dans un univers médiéval et magique.,Fantasy
Les Chroniques de Narnia,Des enfants découvrent un monde magique derrière une armoire et se battent contre les forces du mal.,Fantasy
À la croisée des mondes,"Lyra, une jeune fille, parcourt des mondes parallèles pour sauver son ami et découvrir une vérité cachée.",Fantasy
L'Assassin Royal,"FitzChevalerie, bâtard royal, devient assassin pour le trône et affronte des forces obscures.",Fantasy
Le Sorceleur,"Geralt de Riv, un chasseur de monstres, affronte des créatures magiques et des dilemmes moraux.",Fantasy
Le Nom du vent,"Kvothe, un héros légendaire, raconte son passé d’orphelin, de musicien et de magicien.",Fantasy
La Belgariade,Un jeune paysan découvre ses pouvoirs et part sauver le monde d'une ancienne prophétie.,Fantasy
Le Seigneur des Anneaux,"Une quête pour détruire un anneau magique dans un monde peuplé d’elfes, de hobbits et de magiciens.",Fantasy
Harry Potter à l'école des sorciers,"Un jeune sorcier découvre ses pouvoirs et entre à Poudlard, une école de magie.",Fantasy
Eragon,Un jeune garçon découvre qu’il est destiné à devenir dragonnier et affronter un empire maléfique.,Fantasy
Le Trône de fer,Une lutte de pouvoir sanglante pour le trône de Westeros dans un univers médiéval et magique.,Fantasy
Les Chroniques de Narnia,Des enfants découvrent un monde magique derrière une armoire et se battent contre les forces du mal.,Fantasy
À la croisée des mondes,"Lyra, une jeune fille, parcourt des mondes parallèles pour sauver son ami et découvrir une vérité cachée.",Fantasy
L'Assassin Royal,"FitzChevalerie, bâtard royal, devient assassin pour le trône et affronte des forces obscures.",Fantasy
Le Sorceleur,"Geralt de Riv, un chasseur de monstres, affronte des créatures magiques et des dilemmes moraux.",Fantasy
Le Nom du vent,"Kvothe, un héros légendaire, raconte son passé d’orphelin, de musicien et de magicien.",Fantasy
La Belgariade,Un jeune paysan découvre ses pouvoirs et part sauver le monde d'une ancienne prophétie.,Fantasy
Le Seigneur des Anneaux,"Une quête pour détruire un anneau magique dans un monde peuplé d’elfes, de hobbits et de magiciens.",Fantasy
Harry Potter à l'école des sorciers,"Un jeune sorcier découvre ses pouvoirs et entre à Poudlard, une école de magie.",Fantasy
Eragon,Un jeune garçon découvre qu’il est destiné à devenir dragonnier et affronter un empire maléfique.,Fantasy
Le Trône de fer,Une lutte de pouvoir sanglante pour le trône de Westeros dans un univers médiéval et magique.,Fantasy
Les Chroniques de Narnia,Des enfants découvrent un monde magique derrière une armoire et se battent contre les forces du mal.,Fantasy
À la croisée des mondes,"Lyra, une jeune fille, parcourt des mondes parallèles pour sauver son ami et découvrir une vérité cachée.",Fantasy
L'Assassin Royal,"FitzChevalerie, bâtard royal, devient assassin pour le trône et affronte des forces obscures.",Fantasy
Le Sorceleur,"Geralt de Riv, un chasseur de monstres, affronte des créatures magiques et des dilemmes moraux.",Fantasy
Le Nom du vent,"Kvothe, un héros légendaire, raconte son passé d’orphelin, de musicien et de magicien.",Fantasy
La Belgariade,Un jeune paysan découvre ses pouvoirs et part sauver le monde d'une ancienne prophétie.,Fantasy
Le Seigneur des Anneaux,"Une quête pour détruire un anneau magique dans un monde peuplé d’elfes, de hobbits et de magiciens.",Fantasy
Harry Potter à l'école des sorciers,"Un jeune sorcier découvre ses pouvoirs et entre à Poudlard, une école de magie.",Fantasy
Eragon,Un jeune garçon découvre qu’il est destiné à devenir dragonnier et affronter un empire maléfique.,Fantasy
Le Trône de fer,Une lutte de pouvoir sanglante pour le trône de Westeros dans un univers médiéval et magique.,Fantasy
Les Chroniques de Narnia,Des enfants découvrent un monde magique derrière une armoire et se battent contre les forces du mal.,Fantasy
À la croisée des mondes,"Lyra, une jeune fille, parcourt des mondes parallèles pour sauver son ami et découvrir une vérité cachée.",Fantasy
L'Assassin Royal,"FitzChevalerie, bâtard royal, devient assassin pour le trône et affronte des forces obscures.",Fantasy
Le Sorceleur,"Geralt de Riv, un chasseur de monstres, affronte des créatures magiques et des dilemmes moraux.",Fantasy
Le Nom du vent,"Kvothe, un héros légendaire, raconte son passé d’orphelin, de musicien et de magicien.",Fantasy
La Belgariade,Un jeune paysan découvre ses pouvoirs et part sauver le monde d'une ancienne prophétie.,Fantasy
Le Seigneur des Anneaux,"Une quête pour détruire un anneau magique dans un monde peuplé d’elfes, de hobbits et de magiciens.",Fantasy
Harry Potter à l'école des sorciers,"Un jeune sorcier découvre ses pouvoirs et entre à Poudlard, une école de magie.",Fantasy
Eragon,Un jeune garçon découvre qu’il est destiné à devenir dragonnier et affronter un empire maléfique.,Fantasy
Le Trône de fer,Une lutte de pouvoir sanglante pour le trône de Westeros dans un univers médiéval et magique.,Fantasy
Les Chroniques de Narnia,Des enfants découvrent un monde magique derrière une armoire et se battent contre les forces du mal.,Fantasy
À la croisée des mondes,"Lyra, une jeune fille, parcourt des mondes parallèles pour sauver son ami et découvrir une vérité cachée.",Fantasy
L'Assassin Royal,"FitzChevalerie, bâtard royal, devient assassin pour le trône et affronte des forces obscures.",Fantasy
Le Sorceleur,"Geralt de Riv, un chasseur de monstres, affronte des créatures magiques et des dilemmes moraux.",Fantasy
Le Nom du vent,"Kvothe, un héros légendaire, raconte son passé d’orphelin, de musicien et de magicien.",Fantasy
La Belgariade,Un jeune paysan découvre ses pouvoirs et part sauver le monde d'une ancienne prophétie.,Fantasy
Le Seigneur des Anneaux,"Une quête pour détruire un anneau magique dans un monde peuplé d’elfes, de hobbits et de magiciens.",Fantasy
Harry Potter à l'école des sorciers,"Un jeune sorcier découvre ses pouvoirs et entre à Poudlard, une école de magie.",Fantasy
Eragon,Un jeune garçon découvre qu’il est destiné à devenir dragonnier et affronter un empire maléfique.,Fantasy
Le Trône de fer,Une lutte de pouvoir sanglante pour le trône de Westeros dans un univers médiéval et magique.,Fantasy
Les Chroniques de Narnia,Des enfants découvrent un monde magique derrière une armoire et se battent contre les forces du mal.,Fantasy
À la croisée des mondes,"Lyra, une jeune fille, parcourt des mondes parallèles pour sauver son ami et découvrir une vérité cachée.",Fantasy
L'Assassin Royal,"FitzChevalerie, bâtard royal, devient assassin pour le trône et affronte des forces obscures.",Fantasy
Le Sorceleur,"Geralt de Riv, un chasseur de monstres, affronte des créatures magiques et des dilemmes moraux.",Fantasy
Le Nom du vent,"Kvothe, un héros légendaire, raconte son passé d’orphelin, de musicien et de magicien.",Fantasy
La Belgariade,Un jeune paysan découvre ses pouvoirs et part sauver le monde d'une ancienne prophétie.,Fantasy
Le Seigneur des Anneaux,"Une quête pour détruire un anneau magique dans un monde peuplé d’elfes, de hobbits et de magiciens.",Fantasy
Harry Potter à l'école des sorciers,"Un jeune sorcier découvre ses pouvoirs et entre à Poudlard, une école de magie.",Fantasy
Eragon,Un jeune garçon découvre qu’il est destiné à devenir dragonnier et affronter un empire maléfique.,Fantasy
Le Trône de fer,Une lutte de pouvoir sanglante pour le trône de Westeros dans un univers médiéval et magique.,Fantasy
Les Chroniques de Narnia,Des enfants découvrent un monde magique derrière une armoire et se battent contre les forces du mal.,Fantasy
À la croisée des mondes,"Lyra, une jeune fille, parcourt des mondes parallèles pour sauver son ami et découvrir une vérité cachée.",Fantasy
L'Assassin Royal,"FitzChevalerie, bâtard royal, devient assassin pour le trône et affronte des forces obscures.",Fantasy
Le Sorceleur,"Geralt de Riv, un chasseur de monstres, affronte des créatures magiques et des dilemmes moraux.",Fantasy
Le Nom du vent,"Kvothe, un héros légendaire, raconte son passé d’orphelin, de musicien et de magicien.",Fantasy
La Belgariade,Un jeune paysan découvre ses pouvoirs et part sauver le monde d'une ancienne prophétie.,Fantasy
Le Seigneur des Anneaux,"Une quête pour détruire un anneau magique dans un monde peuplé d’elfes, de hobbits et de magiciens.",Fantasy
Harry Potter à l'école des sorciers,"Un jeune sorcier découvre ses pouvoirs et entre à Poudlard, une école de magie.",Fantasy
Eragon,Un jeune garçon découvre qu’il est destiné à devenir dragonnier et affronter un empire maléfique.,Fantasy
Le Trône de fer,Une lutte de pouvoir sanglante pour le trône de Westeros dans un univers médiéval et magique.,Fantasy
Les Chroniques de Narnia,Des enfants découvrent un monde magique derrière une armoire et se battent contre les forces du mal.,Fantasy
À la croisée des mondes,"Lyra, une jeune fille, parcourt des mondes parallèles pour sauver son ami et découvrir une vérité cachée.",Fantasy
L'Assassin Royal,"FitzChevalerie, bâtard royal, devient assassin pour le trône et affronte des forces obscures.",Fantasy
Le Sorceleur,"Geralt de Riv, un chasseur de monstres, affronte des créatures magiques et des dilemmes moraux.",Fantasy
Le Nom du vent,"Kvothe, un héros légendaire, raconte son passé d’orphelin, de musicien et de magicien.",Fantasy
La Belgariade,Un jeune paysan découvre ses pouvoirs et part sauver le monde d'une ancienne prophétie.,Fantasy
Le Seigneur des Anneaux,"Une quête pour détruire un anneau magique dans un monde peuplé d’elfes, de hobbits et de magiciens.",Fantasy
Harry Potter à l'école des sorciers,"Un jeune sorcier découvre ses pouvoirs et entre à Poudlard, une école de magie.",Fantasy
Eragon,Un jeune garçon découvre qu’il est destiné à devenir dragonnier et affronter un empire maléfique.,Fantasy
Le Trône de fer,Une lutte de pouvoir sanglante pour le trône de Westeros dans un univers médiéval et magique.,Fantasy
Les Chroniques de Narnia,Des enfants découvrent un monde magique derrière une armoire et se battent contre les forces du mal.,Fantasy
À la croisée des mondes,"Lyra, une jeune fille, parcourt des mondes parallèles pour sauver son ami et découvrir une vérité cachée.",Fantasy
L'Assassin Royal,"FitzChevalerie, bâtard royal, devient assassin pour le trône et affronte des forces obscures.",Fantasy
Le Sorceleur,"Geralt de Riv, un chasseur de monstres, affronte des créatures magiques et des dilemmes moraux.",Fantasy
Le Nom du vent,"Kvothe, un héros légendaire, raconte son passé d’orphelin, de musicien et de magicien.",Fantasy
La Belgariade,Un jeune paysan découvre ses pouvoirs et part sauver le monde d'une ancienne prophétie.,Fantasy
Le Seigneur des Anneaux,"Une quête pour détruire un anneau magique dans un monde peuplé d’elfes, de hobbits et de magiciens.",Fantasy
Harry Potter à l'école des sorciers,"Un jeune sorcier découvre ses pouvoirs et entre à Poudlard, une école de magie.",Fantasy
Eragon,Un jeune garçon découvre qu’il est destiné à devenir dragonnier et affronter un empire maléfique.,Fantasy
Le Trône de fer,Une lutte de pouvoir sanglante pour le trône de Westeros dans un univers médiéval et magique.,Fantasy
Les Chroniques de Narnia,Des enfants découvrent un monde magique derrière une armoire et se battent contre les forces du mal.,Fantasy
À la croisée des mondes,"Lyra, une jeune fille, parcourt des mondes parallèles pour sauver son ami et découvrir une vérité cachée.",Fantasy
L'Assassin Royal,"FitzChevalerie, bâtard royal, devient assassin pour le trône et affronte des forces obscures.",Fantasy
Le Sorceleur,"Geralt de Riv, un chasseur de monstres, affronte des créatures magiques et des dilemmes moraux.",Fantasy
Le Nom du vent,"Kvothe, un héros légendaire, raconte son passé d’orphelin, de musicien et de magicien.",Fantasy
La Belgariade,Un jeune paysan découvre ses pouvoirs et part sauver le monde d'une ancienne prophétie.,Fantasy
Le Seigneur des Anneaux,"Une quête pour détruire un anneau magique dans un monde peuplé d’elfes, de hobbits et de magiciens.",Fantasy
Harry Potter à l'école des sorciers,"Un jeune sorcier découvre ses pouvoirs et entre à Poudlard, une école de magie.",Fantasy
Eragon,Un jeune garçon découvre qu’il est destiné à devenir dragonnier et affronter un empire maléfique.,Fantasy
Le Trône de fer,Une lutte de pouvoir sanglante pour le trône de Westeros dans un univers médiéval et magique.,Fantasy
Les Chroniques de Narnia,Des enfants découvrent un monde magique derrière une armoire et se battent contre les forces du mal.,Fantasy
À la croisée des mondes,"Lyra, une jeune fille, parcourt des mondes parallèles pour sauver son ami et découvrir une vérité cachée.",Fantasy
L'Assassin Royal,"FitzChevalerie, bâtard royal, devient assassin pour le trône et affronte des forces obscures.",Fantasy
Le Sorceleur,"Geralt de Riv, un chasseur de monstres, affronte des créatures magiques et des dilemmes moraux.",Fantasy
Le Nom du vent,"Kvothe, un héros légendaire, raconte son passé d’orphelin, de musicien et de magicien.",Fantasy
La Belgariade,Un jeune paysan découvre ses pouvoirs et part sauver le monde d'une ancienne prophétie.,Fantasy
Le Seigneur des Anneaux,"Une quête pour détruire un anneau magique dans un monde peuplé d’elfes, de hobbits et de magiciens.",Fantasy
Harry Potter à l'école des sorciers,"Un jeune sorcier découvre ses pouvoirs et entre à Poudlard, une école de magie.",Fantasy
Eragon,Un jeune garçon découvre qu’il est destiné à devenir dragonnier et affronter un empire maléfique.,Fantasy
Le Trône de fer,Une lutte de pouvoir sanglante pour le trône de Westeros dans un univers médiéval et magique.,Fantasy
Les Chroniques de Narnia,Des enfants découvrent un monde magique derrière une armoire et se battent contre les forces du mal.,Fantasy
À la croisée des mondes,"Lyra, une jeune fille, parcourt des mondes parallèles pour sauver son ami et découvrir une vérité cachée.",Fantasy
L'Assassin Royal,"FitzChevalerie, bâtard royal, devient assassin pour le trône et affronte des forces obscures.",Fantasy
Le Sorceleur,"Geralt de Riv, un chasseur de monstres, affronte des créatures magiques et des dilemmes moraux.",Fantasy
Le Nom du vent,"Kvothe, un héros légendaire, raconte son passé d’orphelin, de musicien et de magicien.",Fantasy
La Belgariade,Un jeune paysan découvre ses pouvoirs et part sauver le monde d'une ancienne prophétie.,Fantasy
Le Seigneur des Anneaux,"Une quête pour détruire un anneau magique dans un monde peuplé d’elfes, de hobbits et de magiciens.",Fantasy
Harry Potter à l'école des sorciers,"Un jeune sorcier découvre ses pouvoirs et entre à Poudlard, une école de magie.",Fantasy
Eragon,Un jeune garçon découvre qu’il est destiné à devenir dragonnier et affronter un empire maléfique.,Fantasy
Le Trône de fer,Une lutte de pouvoir sanglante pour le trône de Westeros dans un univers médiéval et magique.,Fantasy
Les Chroniques de Narnia,Des enfants découvrent un monde magique derrière une armoire et se battent contre les forces du mal.,Fantasy
À la croisée des mondes,"Lyra, une jeune fille, parcourt des mondes parallèles pour sauver son ami et découvrir une vérité cachée.",Fantasy
L'Assassin Royal,"FitzChevalerie, bâtard royal, devient assassin pour le trône et affronte des forces obscures.",Fantasy
Le Sorceleur,"Geralt de Riv, un chasseur de monstres, affronte des créatures magiques et des dilemmes moraux.",Fantasy
Le Nom du vent,"Kvothe, un héros légendaire, raconte son passé d’orphelin, de musicien et de magicien.",Fantasy
La Belgariade,Un jeune paysan découvre ses pouvoirs et part sauver le monde d'une ancienne prophétie.,Fantasy
Le Seigneur des Anneaux,"Une quête pour détruire un anneau magique dans un monde peuplé d’elfes, de hobbits et de magiciens.",Fantasy
Harry Potter à l'école des sorciers,"Un jeune sorcier découvre ses pouvoirs et entre à Poudlard, une école de magie.",Fantasy
Eragon,Un jeune garçon découvre qu’il est destiné à devenir dragonnier et affronter un empire maléfique.,Fantasy
Le Trône de fer,Une lutte de pouvoir sanglante pour le trône de Westeros dans un univers médiéval et magique.,Fantasy
Les Chroniques de Narnia,Des enfants découvrent un monde magique derrière une armoire et se battent contre les forces du mal.,Fantasy
À la croisée des mondes,"Lyra, une jeune fille, parcourt des mondes parallèles pour sauver son ami et découvrir une vérité cachée.",Fantasy
L'Assassin Royal,"FitzChevalerie, bâtard royal, devient assassin pour le trône et affronte des forces obscures.",Fantasy
Le Sorceleur,"Geralt de Riv, un chasseur de monstres, affronte des créatures magiques et des dilemmes moraux.",Fantasy
Le Nom du vent,"Kvothe, un héros légendaire, raconte son passé d’orphelin, de musicien et de magicien.",Fantasy
La Belgariade,Un jeune paysan découvre ses pouvoirs et part sauver le monde d'une ancienne prophétie.,Fantasy
Le Seigneur des Anneaux,"Une quête pour détruire un anneau magique dans un monde peuplé d’elfes, de hobbits et de magiciens.",Fantasy
Harry Potter à l'école des sorciers,"Un jeune sorcier découvre ses pouvoirs et entre à Poudlard, une école de magie.",Fantasy
Eragon,Un jeune garçon découvre qu’il est destiné à devenir dragonnier et affronter un empire maléfique.,Fantasy
Le Trône de fer,Une lutte de pouvoir sanglante pour le trône de Westeros dans un univers médiéval et magique.,Fantasy
Les Chroniques de Narnia,Des enfants découvrent un monde magique derrière une armoire et se battent contre les forces du mal.,Fantasy
À la croisée des mondes,"Lyra, une jeune fille, parcourt des mondes parallèles pour sauver son ami et découvrir une vérité cachée.",Fantasy
L'Assassin Royal,"FitzChevalerie, bâtard royal, devient assassin pour le trône et affronte des forces obscures.",Fantasy
Le Sorceleur,"Geralt de Riv, un chasseur de monstres, affronte des créatures magiques et des dilemmes moraux.",Fantasy
Le Nom du vent,"Kvothe, un héros légendaire, raconte son passé d’orphelin, de musicien et de magicien.",Fantasy
La Belgariade,Un jeune paysan découvre ses pouvoirs et part sauver le monde d'une ancienne prophétie.,Fantasy
Le Seigneur des Anneaux,"Une quête pour détruire un anneau magique dans un monde peuplé d’elfes, de hobbits et de magiciens.",Fantasy
Harry Potter à l'école des sorciers,"Un jeune sorcier découvre ses pouvoirs et entre à Poudlard, une école de magie.",Fantasy
Eragon,Un jeune garçon découvre qu’il est destiné à devenir dragonnier et affronter un empire maléfique.,Fantasy
Le Trône de fer,Une lutte de pouvoir sanglante pour le trône de Westeros dans un univers médiéval et magique.,Fantasy
Les Chroniques de Narnia,Des enfants découvrent un monde magique derrière une armoire et se battent contre les forces du mal.,Fantasy
À la croisée des mondes,"Lyra, une jeune fille, parcourt des mondes parallèles pour sauver son ami et découvrir une vérité cachée.",Fantasy
L'Assassin Royal,"FitzChevalerie, bâtard royal, devient assassin pour le trône et affronte des forces obscures.",Fantasy
Le Sorceleur,"Geralt de Riv, un chasseur de monstres, affronte des créatures magiques et des dilemmes moraux.",Fantasy
Le Nom du vent,"Kvothe, un héros légendaire, raconte son passé d’orphelin, de musicien et de magicien.",Fantasy
La Belgariade,Un jeune paysan découvre ses pouvoirs et part sauver le monde d'une ancienne prophétie.,Fantasy
Le Seigneur des Anneaux,"Une quête pour détruire un anneau magique dans un monde peuplé d’elfes, de hobbits et de magiciens.",Fantasy
Harry Potter à l'école des sorciers,"Un jeune sorcier découvre ses pouvoirs et entre à Poudlard, une école de magie.",Fantasy
Eragon,Un jeune garçon découvre qu’il est destiné à devenir dragonnier et affronter un empire maléfique.,Fantasy
Le Trône de fer,Une lutte de pouvoir sanglante pour le trône de Westeros dans un univers médiéval et magique.,Fantasy
Les Chroniques de Narnia,Des enfants découvrent un monde magique derrière une armoire et se battent contre les forces du mal.,Fantasy
À la croisée des mondes,"Lyra, une jeune fille, parcourt des mondes parallèles pour sauver son ami et découvrir une vérité cachée.",Fantasy
L'Assassin Royal,"FitzChevalerie, bâtard royal, devient assassin pour le trône et affronte des forces obscures.",Fantasy
Le Sorceleur,"Geralt de Riv, un chasseur de monstres, affronte des créatures magiques et des dilemmes moraux.",Fantasy
Le Nom du vent,"Kvothe, un héros légendaire, raconte son passé d’orphelin, de musicien et de magicien.",Fantasy
La Belgariade,Un jeune paysan découvre ses pouvoirs et part sauver le monde d'une ancienne prophétie.,Fantasy
Le Seigneur des Anneaux,"Une quête pour détruire un anneau magique dans un monde peuplé d’elfes, de hobbits et de magiciens.",Fantasy
Harry Potter à l'école des sorciers,"Un jeune sorcier découvre ses pouvoirs et entre à Poudlard, une école de magie.",Fantasy
Eragon,Un jeune garçon découvre qu’il est destiné à devenir dragonnier et affronter un empire maléfique.,Fantasy
Le Trône de fer,Une lutte de pouvoir sanglante pour le trône de Westeros dans un univers médiéval et magique.,Fantasy
Les Chroniques de Narnia,Des enfants découvrent un monde magique derrière une armoire et se battent contre les forces du mal.,Fantasy
À la croisée des mondes,"Lyra, une jeune fille, parcourt des mondes parallèles pour sauver son ami et découvrir une vérité cachée.",Fantasy
L'Assassin Royal,"FitzChevalerie, bâtard royal, devient assassin pour le trône et affronte des forces obscures.",Fantasy
Le Sorceleur,"Geralt de Riv, un chasseur de monstres, affronte des créatures magiques et des dilemmes moraux.",Fantasy
Le Nom du vent,"Kvothe, un héros légendaire, raconte son passé d’orphelin, de musicien et de magicien.",Fantasy
La Belgariade,Un jeune paysan découvre ses pouvoirs et part sauver le monde d'une ancienne prophétie.,Fantasy
Le Seigneur des Anneaux,"Une quête pour détruire un anneau magique dans un monde peuplé d’elfes, de hobbits et de magiciens.",Fantasy
Harry Potter à l'école des sorciers,"Un jeune sorcier découvre ses pouvoirs et entre à Poudlard, une école de magie.",Fantasy
Eragon,Un jeune garçon découvre qu’il est destiné à devenir dragonnier et affronter un empire maléfique.,Fantasy
Le Trône de fer,Une lutte de pouvoir sanglante pour le trône de Westeros dans un univers médiéval et magique.,Fantasy
Les Chroniques de Narnia,Des enfants découvrent un monde magique derrière une armoire et se battent contre les forces du mal.,Fantasy
À la croisée des mondes,"Lyra, une jeune fille, parcourt des mondes parallèles pour sauver son ami et découvrir une vérité cachée.",Fantasy
L'Assassin Royal,"FitzChevalerie, bâtard royal, devient assassin pour le trône et affronte des forces obscures.",Fantasy
Le Sorceleur,"Geralt de Riv, un chasseur de monstres, affronte des créatures magiques et des dilemmes moraux.",Fantasy
Le Nom du vent,"Kvothe, un héros légendaire, raconte son passé d’orphelin, de musicien et de magicien.",Fantasy
La Belgariade,Un jeune paysan découvre ses pouvoirs et part sauver le monde d'une ancienne prophétie.,Fantasy
Le Seigneur des Anneaux,"Une quête pour détruire un anneau magique dans un monde peuplé d’elfes, de hobbits et de magiciens.",Fantasy
Harry Potter à l'école des sorciers,"Un jeune sorcier découvre ses pouvoirs et entre à Poudlard, une école de magie.",Fantasy
Eragon,Un jeune garçon découvre qu’il est destiné à devenir dragonnier et affronter un empire maléfique.,Fantasy
Le Trône de fer,Une lutte de pouvoir sanglante pour le trône de Westeros dans un univers médiéval et magique.,Fantasy
Les Chroniques de Narnia,Des enfants découvrent un monde magique derrière une armoire et se battent contre les forces du mal.,Fantasy
À la croisée des mondes,"Lyra, une jeune fille, parcourt des mondes parallèles pour sauver son ami et découvrir une vérité cachée.",Fantasy
L'Assassin Royal,"FitzChevalerie, bâtard royal, devient assassin pour le trône et affronte des forces obscures.",Fantasy
Le Sorceleur,"Geralt de Riv, un chasseur de monstres, affronte des créatures magiques et des dilemmes moraux.",Fantasy
Le Nom du vent,"Kvothe, un héros légendaire, raconte son passé d’orphelin, de musicien et de magicien.",Fantasy
La Belgariade,Un jeune paysan découvre ses pouvoirs et part sauver le monde d'une ancienne prophétie.,Fantasy
Le Seigneur des Anneaux,"Une quête pour détruire un anneau magique dans un monde peuplé d’elfes, de hobbits et de magiciens.",Fantasy
Harry Potter à l'école des sorciers,"Un jeune sorcier découvre ses pouvoirs et entre à Poudlard, une école de magie.",Fantasy
Eragon,Un jeune garçon découvre qu’il est destiné à devenir dragonnier et affronter un empire maléfique.,Fantasy
Le Trône de fer,Une lutte de pouvoir sanglante pour le trône de Westeros dans un univers médiéval et magique.,Fantasy
Les Chroniques de Narnia,Des enfants découvrent un monde magique derrière une armoire et se battent contre les forces du mal.,Fantasy
À la croisée des mondes,"Lyra, une jeune fille, parcourt des mondes parallèles pour sauver son ami et découvrir une vérité cachée.",Fantasy
L'Assassin Royal,"FitzChevalerie, bâtard royal, devient assassin pour le trône et affronte des forces obscures.",Fantasy
Le Sorceleur,"Geralt de Riv, un chasseur de monstres, affronte des créatures magiques et des dilemmes moraux.",Fantasy
Le Nom du vent,"Kvothe, un héros légendaire, raconte son passé d’orphelin, de musicien et de magicien.",Fantasy
La Belgariade,Un jeune paysan découvre ses pouvoirs et part sauver le monde d'une ancienne prophétie.,Fantasy
Le Seigneur des Anneaux,"Une quête pour détruire un anneau magique dans un monde peuplé d’elfes, de hobbits et de magiciens.",Fantasy
Harry Potter à l'école des sorciers,"Un jeune sorcier découvre ses pouvoirs et entre à Poudlard, une école de magie.",Fantasy
Eragon,Un jeune garçon découvre qu’il est destiné à devenir dragonnier et affronter un empire maléfique.,Fantasy
Le Trône de fer,Une lutte de pouvoir sanglante pour le trône de Westeros dans un univers médiéval et magique.,Fantasy
Les Chroniques de Narnia,Des enfants découvrent un monde magique derrière une armoire et se battent contre les forces du mal.,Fantasy
À la croisée des mondes,"Lyra, une jeune fille, parcourt des mondes parallèles pour sauver son ami et découvrir une vérité cachée.",Fantasy
L'Assassin Royal,"FitzChevalerie, bâtard royal, devient assassin pour le trône et affronte des forces obscures.",Fantasy
Le Sorceleur,"Geralt de Riv, un chasseur de monstres, affronte des créatures magiques et des dilemmes moraux.",Fantasy
Le Nom du vent,"Kvothe, un héros légendaire, raconte son passé d’orphelin, de musicien et de magicien.",Fantasy
La Belgariade,Un jeune paysan découvre ses pouvoirs et part sauver le monde d'une ancienne prophétie.,Fantasy
Le Seigneur des Anneaux,"Une quête pour détruire un anneau magique dans un monde peuplé d’elfes, de hobbits et de magiciens.",Fantasy
Harry Potter à l'école des sorciers,"Un jeune sorcier découvre ses pouvoirs et entre à Poudlard, une école de magie.",Fantasy
Eragon,Un jeune garçon découvre qu’il est destiné à devenir dragonnier et affronter un empire maléfique.,Fantasy
Le Trône de fer,Une lutte de pouvoir sanglante pour le trône de Westeros dans un univers médiéval et magique.,Fantasy
Les Chroniques de Narnia,Des enfants découvrent un monde magique derrière une armoire et se battent contre les forces du mal.,Fantasy
À la croisée des mondes,"Lyra, une jeune fille, parcourt des mondes parallèles pour sauver son ami et découvrir une vérité cachée.",Fantasy
L'Assassin Royal,"FitzChevalerie, bâtard royal, devient assassin pour le trône et affronte des forces obscures.",Fantasy
Le Sorceleur,"Geralt de Riv, un chasseur de monstres, affronte des créatures magiques et des dilemmes moraux.",Fantasy
Le Nom du vent,"Kvothe, un héros légendaire, raconte son passé d’orphelin, de musicien et de magicien.",Fantasy
La Belgariade,Un jeune paysan découvre ses pouvoirs et part sauver le monde d'une ancienne prophétie.,Fantasy
Le Seigneur des Anneaux,"Une quête pour détruire un anneau magique dans un monde peuplé d’elfes, de hobbits et de magiciens.",Fantasy
Harry Potter à l'école des sorciers,"Un jeune sorcier découvre ses pouvoirs et entre à Poudlard, une école de magie.",Fantasy
Eragon,Un jeune garçon découvre qu’il est destiné à devenir dragonnier et affronter un empire maléfique.,Fantasy
Le Trône de fer,Une lutte de pouvoir sanglante pour le trône de Westeros dans un univers médiéval et magique.,Fantasy
Les Chroniques de Narnia,Des enfants découvrent un monde magique derrière une armoire et se battent contre les forces du mal.,Fantasy
À la croisée des mondes,"Lyra, une jeune fille, parcourt des mondes parallèles pour sauver son ami et découvrir une vérité cachée.",Fantasy
L'Assassin Royal,"FitzChevalerie, bâtard royal, devient assassin pour le trône et affronte des forces obscures.",Fantasy
Le Sorceleur,"Geralt de Riv, un chasseur de monstres, affronte des créatures magiques et des dilemmes moraux.",Fantasy
Le Nom du vent,"Kvothe, un héros légendaire, raconte son passé d’orphelin, de musicien et de magicien.",Fantasy
La Belgariade,Un jeune paysan découvre ses pouvoirs et part sauver le monde d'une ancienne prophétie.,Fantasy
Le Seigneur des Anneaux,"Une quête pour détruire un anneau magique dans un monde peuplé d’elfes, de hobbits et de magiciens.",Fantasy
Harry Potter à l'école des sorciers,"Un jeune sorcier découvre ses pouvoirs et entre à Poudlard, une école de magie.",Fantasy
Eragon,Un jeune garçon découvre qu’il est destiné à devenir dragonnier et affronter un empire maléfique.,Fantasy
Le Trône de fer,Une lutte de pouvoir sanglante pour le trône de Westeros dans un univers médiéval et magique.,Fantasy
Les Chroniques de Narnia,Des enfants découvrent un monde magique derrière une armoire et se battent contre les forces du mal.,Fantasy
À la croisée des mondes,"Lyra, une jeune fille, parcourt des mondes parallèles pour sauver son ami et découvrir une vérité cachée.",Fantasy
L'Assassin Royal,"FitzChevalerie, bâtard royal, devient assassin pour le trône et affronte des forces obscures.",Fantasy
Le Sorceleur,"Geralt de Riv, un chasseur de monstres, affronte des créatures magiques et des dilemmes moraux.",Fantasy
Le Nom du vent,"Kvothe, un héros légendaire, raconte son passé d’orphelin, de musicien et de magicien.",Fantasy
La Belgariade,Un jeune paysan découvre ses pouvoirs et part sauver le monde d'une ancienne prophétie.,Fantasy
Le Seigneur des Anneaux,"Une quête pour détruire un anneau magique dans un monde peuplé d’elfes, de hobbits et de magiciens.",Fantasy
Harry Potter à l'école des sorciers,"Un jeune sorcier découvre ses pouvoirs et entre à Poudlard, une école de magie.",Fantasy
Eragon,Un jeune garçon découvre qu’il est destiné à devenir dragonnier et affronter un empire maléfique.,Fantasy
Le Trône de fer,Une lutte de pouvoir sanglante pour le trône de Westeros dans un univers médiéval et magique.,Fantasy
Les Chroniques de Narnia,Des enfants découvrent un monde magique derrière une armoire et se battent contre les forces du mal.,Fantasy
À la croisée des mondes,"Lyra, une jeune fille, parcourt des mondes parallèles pour sauver son ami et découvrir une vérité cachée.",Fantasy
L'Assassin Royal,"FitzChevalerie, bâtard royal, devient assassin pour le trône et affronte des forces obscures.",Fantasy
Le Sorceleur,"Geralt de Riv, un chasseur de monstres, affronte des créatures magiques et des dilemmes moraux.",Fantasy
Le Nom du vent,"Kvothe, un héros légendaire, raconte son passé d’orphelin, de musicien et de magicien.",Fantasy
La Belgariade,Un jeune paysan découvre ses pouvoirs et part sauver le monde d'une ancienne prophétie.,Fantasy
Le Seigneur des Anneaux,"Une quête pour détruire un anneau magique dans un monde peuplé d’elfes, de hobbits et de magiciens.",Fantasy
Harry Potter à l'école des sorciers,"Un jeune sorcier découvre ses pouvoirs et entre à Poudlard, une école de magie.",Fantasy
Eragon,Un jeune garçon découvre qu’il est destiné à devenir dragonnier et affronter un empire maléfique.,Fantasy
Le Trône de fer,Une lutte de pouvoir sanglante pour le trône de Westeros dans un univers médiéval et magique.,Fantasy
Les Chroniques de Narnia,Des enfants découvrent un monde magique derrière une armoire et se battent contre les forces du mal.,Fantasy
À la croisée des mondes,"Lyra, une jeune fille, parcourt des mondes parallèles pour sauver son ami et découvrir une vérité cachée.",Fantasy
L'Assassin Royal,"FitzChevalerie, bâtard royal, devient assassin pour le trône et affronte des forces obscures.",Fantasy
Le Sorceleur,"Geralt de Riv, un chasseur de monstres, affronte des créatures magiques et des dilemmes moraux.",Fantasy
Le Nom du vent,"Kvothe, un héros légendaire, raconte son passé d’orphelin, de musicien et de magicien.",Fantasy
La Belgariade,Un jeune paysan découvre ses pouvoirs et part sauver le monde d'une ancienne prophétie.,Fantasy
Le Seigneur des Anneaux,"Une quête pour détruire un anneau magique dans un monde peuplé d’elfes, de hobbits et de magiciens.",Fantasy
Harry Potter à l'école des sorciers,"Un jeune sorcier découvre ses pouvoirs et entre à Poudlard, une école de magie.",Fantasy
Eragon,Un jeune garçon découvre qu’il est destiné à devenir dragonnier et affronter un empire maléfique.,Fantasy
Le Trône de fer,Une lutte de pouvoir sanglante pour le trône de Westeros dans un univers médiéval et magique.,Fantasy
Les Chroniques de Narnia,Des enfants découvrent un monde magique derrière une armoire et se battent contre les forces du mal.,Fantasy
À la croisée des mondes,"Lyra, une jeune fille, parcourt des mondes parallèles pour sauver son ami et découvrir une vérité cachée.",Fantasy
L'Assassin Royal,"FitzChevalerie, bâtard royal, devient assassin pour le trône et affronte des forces obscures.",Fantasy
Le Sorceleur,"Geralt de Riv, un chasseur de monstres, affronte des créatures magiques et des dilemmes moraux.",Fantasy
Le Nom du vent,"Kvothe, un héros légendaire, raconte son passé d’orphelin, de musicien et de magicien.",Fantasy
La Belgariade,Un jeune paysan découvre ses pouvoirs et part sauver le monde d'une ancienne prophétie.,Fantasy
Le Seigneur des Anneaux,"Une quête pour détruire un anneau magique dans un monde peuplé d’elfes, de hobbits et de magiciens.",Fantasy
Harry Potter à l'école des sorciers,"Un jeune sorcier découvre ses pouvoirs et entre à Poudlard, une école de magie.",Fantasy
Eragon,Un jeune garçon découvre qu’il est destiné à devenir dragonnier et affronter un empire maléfique.,Fantasy
Le Trône de fer,Une lutte de pouvoir sanglante pour le trône de Westeros dans un univers médiéval et magique.,Fantasy
Les Chroniques de Narnia,Des enfants découvrent un monde magique derrière une armoire et se battent contre les forces du mal.,Fantasy
À la croisée des mondes,"Lyra, une jeune fille, parcourt des mondes parallèles pour sauver son ami et découvrir une vérité cachée.",Fantasy
L'Assassin Royal,"FitzChevalerie, bâtard royal, devient assassin pour le trône et affronte des forces obscures.",Fantasy
Le Sorceleur,"Geralt de Riv, un chasseur de monstres, affronte des créatures magiques et des dilemmes moraux.",Fantasy
Le Nom du vent,"Kvothe, un héros légendaire, raconte son passé d’orphelin, de musicien et de magicien.",Fantasy
La Belgariade,Un jeune paysan découvre ses pouvoirs et part sauver le monde d'une ancienne prophétie.,Fantasy
Le Seigneur des Anneaux,"Une quête pour détruire un anneau magique dans un monde peuplé d’elfes, de hobbits et de magiciens.",Fantasy
Harry Potter à l'école des sorciers,"Un jeune sorcier découvre ses pouvoirs et entre à Poudlard, une école de magie.",Fantasy
Eragon,Un jeune garçon découvre qu’il est destiné à devenir dragonnier et affronter un empire maléfique.,Fantasy
Le Trône de fer,Une lutte de pouvoir sanglante pour le trône de Westeros dans un univers médiéval et magique.,Fantasy
Les Chroniques de Narnia,Des enfants découvrent un monde magique derrière une armoire et se battent contre les forces du mal.,Fantasy
À la croisée des mondes,"Lyra, une jeune fille, parcourt des mondes parallèles pour sauver son ami et découvrir une vérité cachée.",Fantasy
L'Assassin Royal,"FitzChevalerie, bâtard royal, devient assassin pour le trône et affronte des forces obscures.",Fantasy
Le Sorceleur,"Geralt de Riv, un chasseur de monstres, affronte des créatures magiques et des dilemmes moraux.",Fantasy
Le Nom du vent,"Kvothe, un héros légendaire, raconte son passé d’orphelin, de musicien et de magicien.",Fantasy
La Belgariade,Un jeune paysan découvre ses pouvoirs et part sauver le monde d'une ancienne prophétie.,Fantasy
Le Seigneur des Anneaux,"Une quête pour détruire un anneau magique dans un monde peuplé d’elfes, de hobbits et de magiciens.",Fantasy
Harry Potter à l'école des sorciers,"Un jeune sorcier découvre ses pouvoirs et entre à Poudlard, une école de magie.",Fantasy
Eragon,Un jeune garçon découvre qu’il est destiné à devenir dragonnier et affronter un empire maléfique.,Fantasy
Le Trône de fer,Une lutte de pouvoir sanglante pour le trône de Westeros dans un univers médiéval et magique.,Fantasy
Les Chroniques de Narnia,Des enfants découvrent un monde magique derrière une armoire et se battent contre les forces du mal.,Fantasy
À la croisée des mondes,"Lyra, une jeune fille, parcourt des mondes parallèles pour sauver son ami et découvrir une vérité cachée.",Fantasy
L'Assassin Royal,"FitzChevalerie, bâtard royal, devient assassin pour le trône et affronte des forces obscures.",Fantasy
Le Sorceleur,"Geralt de Riv, un chasseur de monstres, affronte des créatures magiques et des dilemmes moraux.",Fantasy
Le Nom du vent,"Kvothe, un héros légendaire, raconte son passé d’orphelin, de musicien et de magicien.",Fantasy
La Belgariade,Un jeune paysan découvre ses pouvoirs et part sauver le monde d'une ancienne prophétie.,Fantasy
Le Seigneur des Anneaux,"Une quête pour détruire un anneau magique dans un monde peuplé d’elfes, de hobbits et de magiciens.",Fantasy
Harry Potter à l'école des sorciers,"Un jeune sorcier découvre ses pouvoirs et entre à Poudlard, une école de magie.",Fantasy
Eragon,Un jeune garçon découvre qu’il est destiné à devenir dragonnier et affronter un empire maléfique.,Fantasy
Le Trône de fer,Une lutte de pouvoir sanglante pour le trône de Westeros dans un univers médiéval et magique.,Fantasy
Les Chroniques de Narnia,Des enfants découvrent un monde magique derrière une armoire et se battent contre les forces du mal.,Fantasy
À la croisée des mondes,"Lyra, une jeune fille, parcourt des mondes parallèles pour sauver son ami et découvrir une vérité cachée.",Fantasy
L'Assassin Royal,"FitzChevalerie, bâtard royal, devient assassin pour le trône et affronte des forces obscures.",Fantasy
Le Sorceleur,"Geralt de Riv, un chasseur de monstres, affronte des créatures magiques et des dilemmes moraux.",Fantasy
Le Nom du vent,"Kvothe, un héros légendaire, raconte son passé d’orphelin, de musicien et de magicien.",Fantasy
La Belgariade,Un jeune paysan découvre ses pouvoirs et part sauver le monde d'une ancienne prophétie.,Fantasy
Le Seigneur des Anneaux,"Une quête pour détruire un anneau magique dans un monde peuplé d’elfes, de hobbits et de magiciens.",Fantasy
Harry Potter à l'école des sorciers,"Un jeune sorcier découvre ses pouvoirs et entre à Poudlard, une école de magie.",Fantasy
Eragon,Un jeune garçon découvre qu’il est destiné à devenir dragonnier et affronter un empire maléfique.,Fantasy
Le Trône de fer,Une lutte de pouvoir sanglante pour le trône de Westeros dans un univers médiéval et magique.,Fantasy
Les Chroniques de Narnia,Des enfants découvrent un monde magique derrière une armoire et se battent contre les forces du mal.,Fantasy
À la croisée des mondes,"Lyra, une jeune fille, parcourt des mondes parallèles pour sauver son ami et découvrir une vérité cachée.",Fantasy
L'Assassin Royal,"FitzChevalerie, bâtard royal, devient assassin pour le trône et affronte des forces obscures.",Fantasy
Le Sorceleur,"Geralt de Riv, un chasseur de monstres, affronte des créatures magiques et des dilemmes moraux.",Fantasy
Le Nom du vent,"Kvothe, un héros légendaire, raconte son passé d’orphelin, de musicien et de magicien.",Fantasy
La Belgariade,Un jeune paysan découvre ses pouvoirs et part sauver le monde d'une ancienne prophétie.,Fantasy
Le Seigneur des Anneaux,"Une quête pour détruire un anneau magique dans un monde peuplé d’elfes, de hobbits et de magiciens.",Fantasy
Harry Potter à l'école des sorciers,"Un jeune sorcier découvre ses pouvoirs et entre à Poudlard, une école de magie.",Fantasy
Eragon,Un jeune garçon découvre qu’il est destiné à devenir dragonnier et affronter un empire maléfique.,Fantasy
Le Trône de fer,Une lutte de pouvoir sanglante pour le trône de Westeros dans un univers médiéval et magique.,Fantasy
Les Chroniques de Narnia,Des enfants découvrent un monde magique derrière une armoire et se battent contre les forces du mal.,Fantasy
À la croisée des mondes,"Lyra, une jeune fille, parcourt des mondes parallèles pour sauver son ami et découvrir une vérité cachée.",Fantasy
L'Assassin Royal,"FitzChevalerie, bâtard royal, devient assassin pour le trône et affronte des forces obscures.",Fantasy
Le Sorceleur,"Geralt de Riv, un chasseur de monstres, affronte des créatures magiques et des dilemmes moraux.",Fantasy
Le Nom du vent,"Kvothe, un héros légendaire, raconte son passé d’orphelin, de musicien et de magicien.",Fantasy
La Belgariade,Un jeune paysan découvre ses pouvoirs et part sauver le monde d'une ancienne prophétie.,Fantasy
Le Seigneur des Anneaux,"Une quête pour détruire un anneau magique dans un monde peuplé d’elfes, de hobbits et de magiciens.",Fantasy
Harry Potter à l'école des sorciers,"Un jeune sorcier découvre ses pouvoirs et entre à Poudlard, une école de magie.",Fantasy
Eragon,Un jeune garçon découvre qu’il est destiné à devenir dragonnier et affronter un empire maléfique.,Fantasy
Le Trône de fer,Une lutte de pouvoir sanglante pour le trône de Westeros dans un univers médiéval et magique.,Fantasy
Les Chroniques de Narnia,Des enfants découvrent un monde magique derrière une armoire et se battent contre les forces du mal.,Fantasy
À la croisée des mondes,"Lyra, une jeune fille, parcourt des mondes parallèles pour sauver son ami et découvrir une vérité cachée.",Fantasy
L'Assassin Royal,"FitzChevalerie, bâtard royal, devient assassin pour le trône et affronte des forces obscures.",Fantasy
Le Sorceleur,"Geralt de Riv, un chasseur de monstres, affronte des créatures magiques et des dilemmes moraux.",Fantasy
Le Nom du vent,"Kvothe, un héros légendaire, raconte son passé d’orphelin, de musicien et de magicien.",Fantasy
La Belgariade,Un jeune paysan découvre ses pouvoirs et part sauver le monde d'une ancienne prophétie.,Fantasy
Le Seigneur des Anneaux,"Une quête pour détruire un anneau magique dans un monde peuplé d’elfes, de hobbits et de magiciens.",Fantasy
Harry Potter à l'école des sorciers,"Un jeune sorcier découvre ses pouvoirs et entre à Poudlard, une école de magie.",Fantasy
Eragon,Un jeune garçon découvre qu’il est destiné à devenir dragonnier et affronter un empire maléfique.,Fantasy
Le Trône de fer,Une lutte de pouvoir sanglante pour le trône de Westeros dans un univers médiéval et magique.,Fantasy
Les Chroniques de Narnia,Des enfants découvrent un monde magique derrière une armoire et se battent contre les forces du mal.,Fantasy
À la croisée des mondes,"Lyra, une jeune fille, parcourt des mondes parallèles pour sauver son ami et découvrir une vérité cachée.",Fantasy
L'Assassin Royal,"FitzChevalerie, bâtard royal, devient assassin pour le trône et affronte des forces obscures.",Fantasy
Le Sorceleur,"Geralt de Riv, un chasseur de monstres, affronte des créatures magiques et des dilemmes moraux.",Fantasy
Le Nom du vent,"Kvothe, un héros légendaire, raconte son passé d’orphelin, de musicien et de magicien.",Fantasy
La Belgariade,Un jeune paysan découvre ses pouvoirs et part sauver le monde d'une ancienne prophétie.,Fantasy
Le Seigneur des Anneaux,"Une quête pour détruire un anneau magique dans un monde peuplé d’elfes, de hobbits et de magiciens.",Fantasy
Harry Potter à l'école des sorciers,"Un jeune sorcier découvre ses pouvoirs et entre à Poudlard, une école de magie.",Fantasy
Eragon,Un jeune garçon découvre qu’il est destiné à devenir dragonnier et affronter un empire maléfique.,Fantasy
Le Trône de fer,Une lutte de pouvoir sanglante pour le trône de Westeros dans un univers médiéval et magique.,Fantasy
Les Chroniques de Narnia,Des enfants découvrent un monde magique derrière une armoire et se battent contre les forces du mal.,Fantasy
À la croisée des mondes,"Lyra, une jeune fille, parcourt des mondes parallèles pour sauver son ami et découvrir une vérité cachée.",Fantasy
L'Assassin Royal,"FitzChevalerie, bâtard royal, devient assassin pour le trône et affronte des forces obscures.",Fantasy
Le Sorceleur,"Geralt de Riv, un chasseur de monstres, affronte des créatures magiques et des dilemmes moraux.",Fantasy
Le Nom du vent,"Kvothe, un héros légendaire, raconte son passé d’orphelin, de musicien et de magicien.",Fantasy
La Belgariade,Un jeune paysan découvre ses pouvoirs et part sauver le monde d'une ancienne prophétie.,Fantasy
Le Seigneur des Anneaux,"Une quête pour détruire un anneau magique dans un monde peuplé d’elfes, de hobbits et de magiciens.",Fantasy
Harry Potter à l'école des sorciers,"Un jeune sorcier découvre ses pouvoirs et entre à Poudlard, une école de magie.",Fantasy
Eragon,Un jeune garçon découvre qu’il est destiné à devenir dragonnier et affronter un empire maléfique.,Fantasy
Le Trône de fer,Une lutte de pouvoir sanglante pour le trône de Westeros dans un univers médiéval et magique.,Fantasy
Les Chroniques de Narnia,Des enfants découvrent un monde magique derrière une armoire et se battent contre les forces du mal.,Fantasy
À la croisée des mondes,"Lyra, une jeune fille, parcourt des mondes parallèles pour sauver son ami et découvrir une vérité cachée.",Fantasy
L'Assassin Royal,"FitzChevalerie, bâtard royal, devient assassin pour le trône et affronte des forces obscures.",Fantasy
Le Sorceleur,"Geralt de Riv, un chasseur de monstres, affronte des créatures magiques et des dilemmes moraux.",Fantasy
Le Nom du vent,"Kvothe, un héros légendaire, raconte son passé d’orphelin, de musicien et de magicien.",Fantasy
La Belgariade,Un jeune paysan découvre ses pouvoirs et part sauver le monde d'une ancienne prophétie.,Fantasy
Le Seigneur des Anneaux,"Une quête pour détruire un anneau magique dans un monde peuplé d’elfes, de hobbits et de magiciens.",Fantasy
Harry Potter à l'école des sorciers,"Un jeune sorcier découvre ses pouvoirs et entre à Poudlard, une école de magie.",Fantasy
Eragon,Un jeune garçon découvre qu’il est destiné à devenir dragonnier et affronter un empire maléfique.,Fantasy
Le Trône de fer,Une lutte de pouvoir sanglante pour le trône de Westeros dans un univers médiéval et magique.,Fantasy
Les Chroniques de Narnia,Des enfants découvrent un monde magique derrière une armoire et se battent contre les forces du mal.,Fantasy
À la croisée des mondes,"Lyra, une jeune fille, parcourt des mondes parallèles pour sauver son ami et découvrir une vérité cachée.",Fantasy
L'Assassin Royal,"FitzChevalerie, bâtard royal, devient assassin pour le trône et affronte des forces obscures.",Fantasy
Le Sorceleur,"Geralt de Riv, un chasseur de monstres, affronte des créatures magiques et des dilemmes moraux.",Fantasy
Le Nom du vent,"Kvothe, un héros légendaire, raconte son passé d’orphelin, de musicien et de magicien.",Fantasy
La Belgariade,Un jeune paysan découvre ses pouvoirs et part sauver le monde d'une ancienne prophétie.,Fantasy
Le Seigneur des Anneaux,"Une quête pour détruire un anneau magique dans un monde peuplé d’elfes, de hobbits et de magiciens.",Fantasy
Harry Potter à l'école des sorciers,"Un jeune sorcier découvre ses pouvoirs et entre à Poudlard, une école de magie.",Fantasy
Eragon,Un jeune garçon découvre qu’il est destiné à devenir dragonnier et affronter un empire maléfique.,Fantasy
Le Trône de fer,Une lutte de pouvoir sanglante pour le trône de Westeros dans un univers médiéval et magique.,Fantasy
Les Chroniques de Narnia,Des enfants découvrent un monde magique derrière une armoire et se battent contre les forces du mal.,Fantasy
À la croisée des mondes,"Lyra, une jeune fille, parcourt des mondes parallèles pour sauver son ami et découvrir une vérité cachée.",Fantasy
L'Assassin Royal,"FitzChevalerie, bâtard royal, devient assassin pour le trône et affronte des forces obscures.",Fantasy
Le Sorceleur,"Geralt de Riv, un chasseur de monstres, affronte des créatures magiques et des dilemmes moraux.",Fantasy
Le Nom du vent,"Kvothe, un héros légendaire, raconte son passé d’orphelin, de musicien et de magicien.",Fantasy
La Belgariade,Un jeune paysan découvre ses pouvoirs et part sauver le monde d'une ancienne prophétie.,Fantasy
Le Seigneur des Anneaux,"Une quête pour détruire un anneau magique dans un monde peuplé d’elfes, de hobbits et de magiciens.",Fantasy
Harry Potter à l'école des sorciers,"Un jeune sorcier découvre ses pouvoirs et entre à Poudlard, une école de magie.",Fantasy
Eragon,Un jeune garçon découvre qu’il est destiné à devenir dragonnier et affronter un empire maléfique.,Fantasy
Le Trône de fer,Une lutte de pouvoir sanglante pour le trône de Westeros dans un univers médiéval et magique.,Fantasy
Les Chroniques de Narnia,Des enfants découvrent un monde magique derrière une armoire et se battent contre les forces du mal.,Fantasy
À la croisée des mondes,"Lyra, une jeune fille, parcourt des mondes parallèles pour sauver son ami et découvrir une vérité cachée.",Fantasy
L'Assassin Royal,"FitzChevalerie, bâtard royal, devient assassin pour le trône et affronte des forces obscures.",Fantasy
Le Sorceleur,"Geralt de Riv, un chasseur de monstres, affronte des créatures magiques et des dilemmes moraux.",Fantasy
Le Nom du vent,"Kvothe, un héros légendaire, raconte son passé d’orphelin, de musicien et de magicien.",Fantasy
La Belgariade,Un jeune paysan découvre ses pouvoirs et part sauver le monde d'une ancienne prophétie.,Fantasy
Le Seigneur des Anneaux,"Une quête pour détruire un anneau magique dans un monde peuplé d’elfes, de hobbits et de magiciens.",Fantasy
Harry Potter à l'école des sorciers,"Un jeune sorcier découvre ses pouvoirs et entre à Poudlard, une école de magie.",Fantasy
Eragon,Un jeune garçon découvre qu’il est destiné à devenir dragonnier et affronter un empire maléfique.,Fantasy
Le Trône de fer,Une lutte de pouvoir sanglante pour le trône de Westeros dans un univers médiéval et magique.,Fantasy
Les Chroniques de Narnia,Des enfants découvrent un monde magique derrière une armoire et se battent contre les forces du mal.,Fantasy
À la croisée des mondes,"Lyra, une jeune fille, parcourt des mondes parallèles pour sauver son ami et découvrir une vérité cachée.",Fantasy
L'Assassin Royal,"FitzChevalerie, bâtard royal, devient assassin pour le trône et affronte des forces obscures.",Fantasy
Le Sorceleur,"Geralt de Riv, un chasseur de monstres, affronte des créatures magiques et des dilemmes moraux.",Fantasy
Le Nom du vent,"Kvothe, un héros légendaire, raconte son passé d’orphelin, de musicien et de magicien.",Fantasy
La Belgariade,Un jeune paysan découvre ses pouvoirs et part sauver le monde d'une ancienne prophétie.,Fantasy
Le Seigneur des Anneaux,"Une quête pour détruire un anneau magique dans un monde peuplé d’elfes, de hobbits et de magiciens.",Fantasy
Harry Potter à l'école des sorciers,"Un jeune sorcier découvre ses pouvoirs et entre à Poudlard, une école de magie.",Fantasy
Eragon,Un jeune garçon découvre qu’il est destiné à devenir dragonnier et affronter un empire maléfique.,Fantasy
Le Trône de fer,Une lutte de pouvoir sanglante pour le trône de Westeros dans un univers médiéval et magique.,Fantasy
Les Chroniques de Narnia,Des enfants découvrent un monde magique derrière une armoire et se battent contre les forces du mal.,Fantasy
À la croisée des mondes,"Lyra, une jeune fille, parcourt des mondes parallèles pour sauver son ami et découvrir une vérité cachée.",Fantasy
L'Assassin Royal,"FitzChevalerie, bâtard royal, devient assassin pour le trône et affronte des forces obscures.",Fantasy
Le Sorceleur,"Geralt de Riv, un chasseur de monstres, affronte des créatures magiques et des dilemmes moraux.",Fantasy
Le Nom du vent,"Kvothe, un héros légendaire, raconte son passé d’orphelin, de musicien et de magicien.",Fantasy
La Belgariade,Un jeune paysan découvre ses pouvoirs et part sauver le monde d'une ancienne prophétie.,Fantasy
Le Seigneur des Anneaux,"Une quête pour détruire un anneau magique dans un monde peuplé d’elfes, de hobbits et de magiciens.",Fantasy
Harry Potter à l'école des sorciers,"Un jeune sorcier découvre ses pouvoirs et entre à Poudlard, une école de magie.",Fantasy
Eragon,Un jeune garçon découvre qu’il est destiné à devenir dragonnier et affronter un empire maléfique.,Fantasy
Le Trône de fer,Une lutte de pouvoir sanglante pour le trône de Westeros dans un univers médiéval et magique.,Fantasy
Les Chroniques de Narnia,Des enfants découvrent un monde magique derrière une armoire et se battent contre les forces du mal.,Fantasy
À la croisée des mondes,"Lyra, une jeune fille, parcourt des mondes parallèles pour sauver son ami et découvrir une vérité cachée.",Fantasy
L'Assassin Royal,"FitzChevalerie, bâtard royal, devient assassin pour le trône et affronte des forces obscures.",Fantasy
Le Sorceleur,"Geralt de Riv, un chasseur de monstres, affronte des créatures magiques et des dilemmes moraux.",Fantasy
Le Nom du vent,"Kvothe, un héros légendaire, raconte son passé d’orphelin, de musicien et de magicien.",Fantasy
La Belgariade,Un jeune paysan découvre ses pouvoirs et part sauver le monde d'une ancienne prophétie.,Fantasy
Le Seigneur des Anneaux,"Une quête pour détruire un anneau magique dans un monde peuplé d’elfes, de hobbits et de magiciens.",Fantasy
Harry Potter à l'école des sorciers,"Un jeune sorcier découvre ses pouvoirs et entre à Poudlard, une école de magie.",Fantasy
Eragon,Un jeune garçon découvre qu’il est destiné à devenir dragonnier et affronter un empire maléfique.,Fantasy
Le Trône de fer,Une lutte de pouvoir sanglante pour le trône de Westeros dans un univers médiéval et magique.,Fantasy
Les Chroniques de Narnia,Des enfants découvrent un monde magique derrière une armoire et se battent contre les forces du mal.,Fantasy
À la croisée des mondes,"Lyra, une jeune fille, parcourt des mondes parallèles pour sauver son ami et découvrir une vérité cachée.",Fantasy
L'Assassin Royal,"FitzChevalerie, bâtard royal, devient assassin pour le trône et affronte des forces obscures.",Fantasy
Le Sorceleur,"Geralt de Riv, un chasseur de monstres, affronte des créatures magiques et des dilemmes moraux.",Fantasy
Le Nom du vent,"Kvothe, un héros légendaire, raconte son passé d’orphelin, de musicien et de magicien.",Fantasy
La Belgariade,Un jeune paysan découvre ses pouvoirs et part sauver le monde d'une ancienne prophétie.,Fantasy
Le Seigneur des Anneaux,"Une quête pour détruire un anneau magique dans un monde peuplé d’elfes, de hobbits et de magiciens.",Fantasy
Harry Potter à l'école des sorciers,"Un jeune sorcier découvre ses pouvoirs et entre à Poudlard, une école de magie.",Fantasy
Eragon,Un jeune garçon découvre qu’il est destiné à devenir dragonnier et affronter un empire maléfique.,Fantasy
Le Trône de fer,Une lutte de pouvoir sanglante pour le trône de Westeros dans un univers médiéval et magique.,Fantasy
Les Chroniques de Narnia,Des enfants découvrent un monde magique derrière une armoire et se battent contre les forces du mal.,Fantasy
À la croisée des mondes,"Lyra, une jeune fille, parcourt des mondes parallèles pour sauver son ami et découvrir une vérité cachée.",Fantasy
L'Assassin Royal,"FitzChevalerie, bâtard royal, devient assassin pour le trône et affronte des forces obscures.",Fantasy
Le Sorceleur,"Geralt de Riv, un chasseur de monstres, affronte des créatures magiques et des dilemmes moraux.",Fantasy
Le Nom du vent,"Kvothe, un héros légendaire, raconte son passé d’orphelin, de musicien et de magicien.",Fantasy
La Belgariade,Un jeune paysan découvre ses pouvoirs et part sauver le monde d'une ancienne prophétie.,Fantasy
Le Seigneur des Anneaux,"Une quête pour détruire un anneau magique dans un monde peuplé d’elfes, de hobbits et de magiciens.",Fantasy
Harry Potter à l'école des sorciers,"Un jeune sorcier découvre ses pouvoirs et entre à Poudlard, une école de magie.",Fantasy
Eragon,Un jeune garçon découvre qu’il est destiné à devenir dragonnier et affronter un empire maléfique.,Fantasy
Le Trône de fer,Une lutte de pouvoir sanglante pour le trône de Westeros dans un univers médiéval et magique.,Fantasy
Les Chroniques de Narnia,Des enfants découvrent un monde magique derrière une armoire et se battent contre les forces du mal.,Fantasy
À la croisée des mondes,"Lyra, une jeune fille, parcourt des mondes parallèles pour sauver son ami et découvrir une vérité cachée.",Fantasy
L'Assassin Royal,"FitzChevalerie, bâtard royal, devient assassin pour le trône et affronte des forces obscures.",Fantasy
Le Sorceleur,"Geralt de Riv, un chasseur de monstres, affronte des créatures magiques et des dilemmes moraux.",Fantasy
Le Nom du vent,"Kvothe, un héros légendaire, raconte son passé d’orphelin, de musicien et de magicien.",Fantasy
La Belgariade,Un jeune paysan découvre ses pouvoirs et part sauver le monde d'une ancienne prophétie.,Fantasy
Le Seigneur des Anneaux,"Une quête pour détruire un anneau magique dans un monde peuplé d’elfes, de hobbits et de magiciens.",Fantasy
Harry Potter à l'école des sorciers,"Un jeune sorcier découvre ses pouvoirs et entre à Poudlard, une école de magie.",Fantasy
Eragon,Un jeune garçon découvre qu’il est destiné à devenir dragonnier et affronter un empire maléfique.,Fantasy
Le Trône de fer,Une lutte de pouvoir sanglante pour le trône de Westeros dans un univers médiéval et magique.,Fantasy
Les Chroniques de Narnia,Des enfants découvrent un monde magique derrière une armoire et se battent contre les forces du mal.,Fantasy
À la croisée des mondes,"Lyra, une jeune fille, parcourt des mondes parallèles pour sauver son ami et découvrir une vérité cachée.",Fantasy
L'Assassin Royal,"FitzChevalerie, bâtard royal, devient assassin pour le trône et affronte des forces obscures.",Fantasy
Le Sorceleur,"Geralt de Riv, un chasseur de monstres, affronte des créatures magiques et des dilemmes moraux.",Fantasy
Le Nom du vent,"Kvothe, un héros légendaire, raconte son passé d’orphelin, de musicien et de magicien.",Fantasy
La Belgariade,Un jeune paysan découvre ses pouvoirs et part sauver le monde d'une ancienne prophétie.,Fantasy
Le Seigneur des Anneaux,"Une quête pour détruire un anneau magique dans un monde peuplé d’elfes, de hobbits et de magiciens.",Fantasy
Harry Potter à l'école des sorciers,"Un jeune sorcier découvre ses pouvoirs et entre à Poudlard, une école de magie.",Fantasy
Eragon,Un jeune garçon découvre qu’il est destiné à devenir dragonnier et affronter un empire maléfique.,Fantasy
Le Trône de fer,Une lutte de pouvoir sanglante pour le trône de Westeros dans un univers médiéval et magique.,Fantasy
Les Chroniques de Narnia,Des enfants découvrent un monde magique derrière une armoire et se battent contre les forces du mal.,Fantasy
À la croisée des mondes,"Lyra, une jeune fille, parcourt des mondes parallèles pour sauver son ami et découvrir une vérité cachée.",Fantasy
L'Assassin Royal,"FitzChevalerie, bâtard royal, devient assassin pour le trône et affronte des forces obscures.",Fantasy
Le Sorceleur,"Geralt de Riv, un chasseur de monstres, affronte des créatures magiques et des dilemmes moraux.",Fantasy
Le Nom du vent,"Kvothe, un héros légendaire, raconte son passé d’orphelin, de musicien et de magicien.",Fantasy
La Belgariade,Un jeune paysan découvre ses pouvoirs et part sauver le monde d'une ancienne prophétie.,Fantasy
Le Seigneur des Anneaux,"Une quête pour détruire un anneau magique dans un monde peuplé d’elfes, de hobbits et de magiciens.",Fantasy
Harry Potter à l'école des sorciers,"Un jeune sorcier découvre ses pouvoirs et entre à Poudlard, une école de magie.",Fantasy
Eragon,Un jeune garçon découvre qu’il est destiné à devenir dragonnier et affronter un empire maléfique.,Fantasy
Le Trône de fer,Une lutte de pouvoir sanglante pour le trône de Westeros dans un univers médiéval et magique.,Fantasy
Les Chroniques de Narnia,Des enfants découvrent un monde magique derrière une armoire et se battent contre les forces du mal.,Fantasy
À la croisée des mondes,"Lyra, une jeune fille, parcourt des mondes parallèles pour sauver son ami et découvrir une vérité cachée.",Fantasy
L'Assassin Royal,"FitzChevalerie, bâtard royal, devient assassin pour le trône et affronte des forces obscures.",Fantasy
Le Sorceleur,"Geralt de Riv, un chasseur de monstres, affronte des créatures magiques et des dilemmes moraux.",Fantasy
Le Nom du vent,"Kvothe, un héros légendaire, raconte son passé d’orphelin, de musicien et de magicien.",Fantasy
La Belgariade,Un jeune paysan découvre ses pouvoirs et part sauver le monde d'une ancienne prophétie.,Fantasy
Le Seigneur des Anneaux,"Une quête pour détruire un anneau magique dans un monde peuplé d’elfes, de hobbits et de magiciens.",Fantasy
Harry Potter à l'école des sorciers,"Un jeune sorcier découvre ses pouvoirs et entre à Poudlard, une école de magie.",Fantasy
Eragon,Un jeune garçon découvre qu’il est destiné à devenir dragonnier et affronter un empire maléfique.,Fantasy
Le Trône de fer,Une lutte de pouvoir sanglante pour le trône de Westeros dans un univers médiéval et magique.,Fantasy
Les Chroniques de Narnia,Des enfants découvrent un monde magique derrière une armoire et se battent contre les forces du mal.,Fantasy
À la croisée des mondes,"Lyra, une jeune fille, parcourt des mondes parallèles pour sauver son ami et découvrir une vérité cachée.",Fantasy
L'Assassin Royal,"FitzChevalerie, bâtard royal, devient assassin pour le trône et affronte des forces obscures.",Fantasy
Le Sorceleur,"Geralt de Riv, un chasseur de monstres, affronte des créatures magiques et des dilemmes moraux.",Fantasy
Le Nom du vent,"Kvothe, un héros légendaire, raconte son passé d’orphelin, de musicien et de magicien.",Fantasy
La Belgariade,Un jeune paysan découvre ses pouvoirs et part sauver le monde d'une ancienne prophétie.,Fantasy
Le Seigneur des Anneaux,"Une quête pour détruire un anneau magique dans un monde peuplé d’elfes, de hobbits et de magiciens.",Fantasy
Harry Potter à l'école des sorciers,"Un jeune sorcier découvre ses pouvoirs et entre à Poudlard, une école de magie.",Fantasy
Eragon,Un jeune garçon découvre qu’il est destiné à devenir dragonnier et affronter un empire maléfique.,Fantasy
Le Trône de fer,Une lutte de pouvoir sanglante pour le trône de Westeros dans un univers médiéval et magique.,Fantasy
Les Chroniques de Narnia,Des enfants découvrent un monde magique derrière une armoire et se battent contre les forces du mal.,Fantasy
À la croisée des mondes,"Lyra, une jeune fille, parcourt des mondes parallèles pour sauver son ami et découvrir une vérité cachée.",Fantasy
L'Assassin Royal,"FitzChevalerie, bâtard royal, devient assassin pour le trône et affronte des forces obscures.",Fantasy
Le Sorceleur,"Geralt de Riv, un chasseur de monstres, affronte des créatures magiques et des dilemmes moraux.",Fantasy
Le Nom du vent,"Kvothe, un héros légendaire, raconte son passé d’orphelin, de musicien et de magicien.",Fantasy
La Belgariade,Un jeune paysan découvre ses pouvoirs et part sauver le monde d'une ancienne prophétie.,Fantasy
Le Seigneur des Anneaux,"Une quête pour détruire un anneau magique dans un monde peuplé d’elfes, de hobbits et de magiciens.",Fantasy
Harry Potter à l'école des sorciers,"Un jeune sorcier découvre ses pouvoirs et entre à Poudlard, une école de magie.",Fantasy
Eragon,Un jeune garçon découvre qu’il est destiné à devenir dragonnier et affronter un empire maléfique.,Fantasy
Le Trône de fer,Une lutte de pouvoir sanglante pour le trône de Westeros dans un univers médiéval et magique.,Fantasy
Les Chroniques de Narnia,Des enfants découvrent un monde magique derrière une armoire et se battent contre les forces du mal.,Fantasy
À la croisée des mondes,"Lyra, une jeune fille, parcourt des mondes parallèles pour sauver son ami et découvrir une vérité cachée.",Fantasy
L'Assassin Royal,"FitzChevalerie, bâtard royal, devient assassin pour le trône et affronte des forces obscures.",Fantasy
Le Sorceleur,"Geralt de Riv, un chasseur de monstres, affronte des créatures magiques et des dilemmes moraux.",Fantasy
Le Nom du vent,"Kvothe, un héros légendaire, raconte son passé d’orphelin, de musicien et de magicien.",Fantasy
La Belgariade,Un jeune paysan découvre ses pouvoirs et part sauver le monde d'une ancienne prophétie.,Fantasy
Le Seigneur des Anneaux,"Une quête pour détruire un anneau magique dans un monde peuplé d’elfes, de hobbits et de magiciens.",Fantasy
Harry Potter à l'école des sorciers,"Un jeune sorcier découvre ses pouvoirs et entre à Poudlard, une école de magie.",Fantasy
Eragon,Un jeune garçon découvre qu’il est destiné à devenir dragonnier et affronter un empire maléfique.,Fantasy
Le Trône de fer,Une lutte de pouvoir sanglante pour le trône de Westeros dans un univers médiéval et magique.,Fantasy
Les Chroniques de Narnia,Des enfants découvrent un monde magique derrière une armoire et se battent contre les forces du mal.,Fantasy
À la croisée des mondes,"Lyra, une jeune fille, parcourt des mondes parallèles pour sauver son ami et découvrir une vérité cachée.",Fantasy
L'Assassin Royal,"FitzChevalerie, bâtard royal, devient assassin pour le trône et affronte des forces obscures.",Fantasy
Le Sorceleur,"Geralt de Riv, un chasseur de monstres, affronte des créatures magiques et des dilemmes moraux.",Fantasy
Le Nom du vent,"Kvothe, un héros légendaire, raconte son passé d’orphelin, de musicien et de magicien.",Fantasy
La Belgariade,Un jeune paysan découvre ses pouvoirs et part sauver le monde d'une ancienne prophétie.,Fantasy
Le Seigneur des Anneaux,"Une quête pour détruire un anneau magique dans un monde peuplé d’elfes, de hobbits et de magiciens.",Fantasy
Harry Potter à l'école des sorciers,"Un jeune sorcier découvre ses pouvoirs et entre à Poudlard, une école de magie.",Fantasy
Eragon,Un jeune garçon découvre qu’il est destiné à devenir dragonnier et affronter un empire maléfique.,Fantasy
Le Trône de fer,Une lutte de pouvoir sanglante pour le trône de Westeros dans un univers médiéval et magique.,Fantasy
Les Chroniques de Narnia,Des enfants découvrent un monde magique derrière une armoire et se battent contre les forces du mal.,Fantasy
À la croisée des mondes,"Lyra, une jeune fille, parcourt des mondes parallèles pour sauver son ami et découvrir une vérité cachée.",Fantasy
L'Assassin Royal,"FitzChevalerie, bâtard royal, devient assassin pour le trône et affronte des forces obscures.",Fantasy
Le Sorceleur,"Geralt de Riv, un chasseur de monstres, affronte des créatures magiques et des dilemmes moraux.",Fantasy
Le Nom du vent,"Kvothe, un héros légendaire, raconte son passé d’orphelin, de musicien et de magicien.",Fantasy
La Belgariade,Un jeune paysan découvre ses pouvoirs et part sauver le monde d'une ancienne prophétie.,Fantasy
Le Seigneur des Anneaux,"Une quête pour détruire un anneau magique dans un monde peuplé d’elfes, de hobbits et de magiciens.",Fantasy
Harry Potter à l'école des sorciers,"Un jeune sorcier découvre ses pouvoirs et entre à Poudlard, une école de magie.",Fantasy
Eragon,Un jeune garçon découvre qu’il est destiné à devenir dragonnier et affronter un empire maléfique.,Fantasy
Le Trône de fer,Une lutte de pouvoir sanglante pour le trône de Westeros dans un univers médiéval et magique.,Fantasy
Les Chroniques de Narnia,Des enfants découvrent un monde magique derrière une armoire et se battent contre les forces du mal.,Fantasy
À la croisée des mondes,"Lyra, une jeune fille, parcourt des mondes parallèles pour sauver son ami et découvrir une vérité cachée.",Fantasy
L'Assassin Royal,"FitzChevalerie, bâtard royal, devient assassin pour le trône et affronte des forces obscures.",Fantasy
Le Sorceleur,"Geralt de Riv, un chasseur de monstres, affronte des créatures magiques et des dilemmes moraux.",Fantasy
Le Nom du vent,"Kvothe, un héros légendaire, raconte son passé d’orphelin, de musicien et de magicien.",Fantasy
La Belgariade,Un jeune paysan découvre ses pouvoirs et part sauver le monde d'une ancienne prophétie.,Fantasy
Le Seigneur des Anneaux,"Une quête pour détruire un anneau magique dans un monde peuplé d’elfes, de hobbits et de magiciens.",Fantasy
Harry Potter à l'école des sorciers,"Un jeune sorcier découvre ses pouvoirs et entre à Poudlard, une école de magie.",Fantasy
Eragon,Un jeune garçon découvre qu’il est destiné à devenir dragonnier et affronter un empire maléfique.,Fantasy
Le Trône de fer,Une lutte de pouvoir sanglante pour le trône de Westeros dans un univers médiéval et magique.,Fantasy
Les Chroniques de Narnia,Des enfants découvrent un monde magique derrière une armoire et se battent contre les forces du mal.,Fantasy
À la croisée des mondes,"Lyra, une jeune fille, parcourt des mondes parallèles pour sauver son ami et découvrir une vérité cachée.",Fantasy
L'Assassin Royal,"FitzChevalerie, bâtard royal, devient assassin pour le trône et affronte des forces obscures.",Fantasy
Le Sorceleur,"Geralt de Riv, un chasseur de monstres, affronte des créatures magiques et des dilemmes moraux.",Fantasy
Le Nom du vent,"Kvothe, un héros légendaire, raconte son passé d’orphelin, de musicien et de magicien.",Fantasy
La Belgariade,Un jeune paysan découvre ses pouvoirs et part sauver le monde d'une ancienne prophétie.,Fantasy
Le Seigneur des Anneaux,"Une quête pour détruire un anneau magique dans un monde peuplé d’elfes, de hobbits et de magiciens.",Fantasy
Harry Potter à l'école des sorciers,"Un jeune sorcier découvre ses pouvoirs et entre à Poudlard, une école de magie.",Fantasy
Eragon,Un jeune garçon découvre qu’il est destiné à devenir dragonnier et affronter un empire maléfique.,Fantasy
Le Trône de fer,Une lutte de pouvoir sanglante pour le trône de Westeros dans un univers médiéval et magique.,Fantasy
Les Chroniques de Narnia,Des enfants découvrent un monde magique derrière une armoire et se battent contre les forces du mal.,Fantasy
À la croisée des mondes,"Lyra, une jeune fille, parcourt des mondes parallèles pour sauver son ami et découvrir une vérité cachée.",Fantasy
L'Assassin Royal,"FitzChevalerie, bâtard royal, devient assassin pour le trône et affronte des forces obscures.",Fantasy
Le Sorceleur,"Geralt de Riv, un chasseur de monstres, affronte des créatures magiques et des dilemmes moraux.",Fantasy
Le Nom du vent,"Kvothe, un héros légendaire, raconte son passé d’orphelin, de musicien et de magicien.",Fantasy
La Belgariade,Un jeune paysan découvre ses pouvoirs et part sauver le monde d'une ancienne prophétie.,Fantasy
Le Seigneur des Anneaux,"Une quête pour détruire un anneau magique dans un monde peuplé d’elfes, de hobbits et de magiciens.",Fantasy
Harry Potter à l'école des sorciers,"Un jeune sorcier découvre ses pouvoirs et entre à Poudlard, une école de magie.",Fantasy
Eragon,Un jeune garçon découvre qu’il est destiné à devenir dragonnier et affronter un empire maléfique.,Fantasy
Le Trône de fer,Une lutte de pouvoir sanglante pour le trône de Westeros dans un univers médiéval et magique.,Fantasy
Les Chroniques de Narnia,Des enfants découvrent un monde magique derrière une armoire et se battent contre les forces du mal.,Fantasy
À la croisée des mondes,"Lyra, une jeune fille, parcourt des mondes parallèles pour sauver son ami et découvrir une vérité cachée.",Fantasy
L'Assassin Royal,"FitzChevalerie, bâtard royal, devient assassin pour le trône et affronte des forces obscures.",Fantasy
Le Sorceleur,"Geralt de Riv, un chasseur de monstres, affronte des créatures magiques et des dilemmes moraux.",Fantasy
Le Nom du vent,"Kvothe, un héros légendaire, raconte son passé d’orphelin, de musicien et de magicien.",Fantasy
La Belgariade,Un jeune paysan découvre ses pouvoirs et part sauver le monde d'une ancienne prophétie.,Fantasy
Le Seigneur des Anneaux,"Une quête pour détruire un anneau magique dans un monde peuplé d’elfes, de hobbits et de magiciens.",Fantasy
Harry Potter à l'école des sorciers,"Un jeune sorcier découvre ses pouvoirs et entre à Poudlard, une école de magie.",Fantasy
Eragon,Un jeune garçon découvre qu’il est destiné à devenir dragonnier et affronter un empire maléfique.,Fantasy
Le Trône de fer,Une lutte de pouvoir sanglante pour le trône de Westeros dans un univers médiéval et magique.,Fantasy
Les Chroniques de Narnia,Des enfants découvrent un monde magique derrière une armoire et se battent contre les forces du mal.,Fantasy
À la croisée des mondes,"Lyra, une jeune fille, parcourt des mondes parallèles pour sauver son ami et découvrir une vérité cachée.",Fantasy
L'Assassin Royal,"FitzChevalerie, bâtard royal, devient assassin pour le trône et affronte des forces obscures.",Fantasy
Le Sorceleur,"Geralt de Riv, un chasseur de monstres, affronte des créatures magiques et des dilemmes moraux.",Fantasy
Le Nom du vent,"Kvothe, un héros légendaire, raconte son passé d’orphelin, de musicien et de magicien.",Fantasy
La Belgariade,Un jeune paysan découvre ses pouvoirs et part sauver le monde d'une ancienne prophétie.,Fantasy
Le Seigneur des Anneaux,"Une quête pour détruire un anneau magique dans un monde peuplé d’elfes, de hobbits et de magiciens.",Fantasy
Harry Potter à l'école des sorciers,"Un jeune sorcier découvre ses pouvoirs et entre à Poudlard, une école de magie.",Fantasy
Eragon,Un jeune garçon découvre qu’il est destiné à devenir dragonnier et affronter un empire maléfique.,Fantasy
Le Trône de fer,Une lutte de pouvoir sanglante pour le trône de Westeros dans un univers médiéval et magique.,Fantasy
Les Chroniques de Narnia,Des enfants découvrent un monde magique derrière une armoire et se battent contre les forces du mal.,Fantasy
À la croisée des mondes,"Lyra, une jeune fille, parcourt des mondes parallèles pour sauver son ami et découvrir une vérité cachée.",Fantasy
L'Assassin Royal,"FitzChevalerie, bâtard royal, devient assassin pour le trône et affronte des forces obscures.",Fantasy
Le Sorceleur,"Geralt de Riv, un chasseur de monstres, affronte des créatures magiques et des dilemmes moraux.",Fantasy
Le Nom du vent,"Kvothe, un héros légendaire, raconte son passé d’orphelin, de musicien et de magicien.",Fantasy
La Belgariade,Un jeune paysan découvre ses pouvoirs et part sauver le monde d'une ancienne prophétie.,Fantasy
Le Seigneur des Anneaux,"Une quête pour détruire un anneau magique dans un monde peuplé d’elfes, de hobbits et de magiciens.",Fantasy
Harry Potter à l'école des sorciers,"Un jeune sorcier découvre ses pouvoirs et entre à Poudlard, une école de magie.",Fantasy
Eragon,Un jeune garçon découvre qu’il est destiné à devenir dragonnier et affronter un empire maléfique.,Fantasy
Le Trône de fer,Une lutte de pouvoir sanglante pour le trône de Westeros dans un univers médiéval et magique.,Fantasy
Les Chroniques de Narnia,Des enfants découvrent un monde magique derrière une armoire et se battent contre les forces du mal.,Fantasy
À la croisée des mondes,"Lyra, une jeune fille, parcourt des mondes parallèles pour sauver son ami et découvrir une vérité cachée.",Fantasy
L'Assassin Royal,"FitzChevalerie, bâtard royal, devient assassin pour le trône et affronte des forces obscures.",Fantasy
Le Sorceleur,"Geralt de Riv, un chasseur de monstres, affronte des créatures magiques et des dilemmes moraux.",Fantasy
Le Nom du vent,"Kvothe, un héros légendaire, raconte son passé d’orphelin, de musicien et de magicien.",Fantasy
La Belgariade,Un jeune paysan découvre ses pouvoirs et part sauver le monde d'une ancienne prophétie.,Fantasy
Le Seigneur des Anneaux,"Une quête pour détruire un anneau magique dans un monde peuplé d’elfes, de hobbits et de magiciens.",Fantasy
Harry Potter à l'école des sorciers,"Un jeune sorcier découvre ses pouvoirs et entre à Poudlard, une école de magie.",Fantasy
Eragon,Un jeune garçon découvre qu’il est destiné à devenir dragonnier et affronter un empire maléfique.,Fantasy
Le Trône de fer,Une lutte de pouvoir sanglante pour le trône de Westeros dans un univers médiéval et magique.,Fantasy
Les Chroniques de Narnia,Des enfants découvrent un monde magique derrière une armoire et se battent contre les forces du mal.,Fantasy
À la croisée des mondes,"Lyra, une jeune fille, parcourt des mondes parallèles pour sauver son ami et découvrir une vérité cachée.",Fantasy
L'Assassin Royal,"FitzChevalerie, bâtard royal, devient assassin pour le trône et affronte des forces obscures.",Fantasy
Le Sorceleur,"Geralt de Riv, un chasseur de monstres, affronte des créatures magiques et des dilemmes moraux.",Fantasy
Le Nom du vent,"Kvothe, un héros légendaire, raconte son passé d’orphelin, de musicien et de magicien.",Fantasy
La Belgariade,Un jeune paysan découvre ses pouvoirs et part sauver le monde d'une ancienne prophétie.,Fantasy
Le Seigneur des Anneaux,"Une quête pour détruire un anneau magique dans un monde peuplé d’elfes, de hobbits et de magiciens.",Fantasy
Harry Potter à l'école des sorciers,"Un jeune sorcier découvre ses pouvoirs et entre à Poudlard, une école de magie.",Fantasy
Eragon,Un jeune garçon découvre qu’il est destiné à devenir dragonnier et affronter un empire maléfique.,Fantasy
Le Trône de fer,Une lutte de pouvoir sanglante pour le trône de Westeros dans un univers médiéval et magique.,Fantasy
Les Chroniques de Narnia,Des enfants découvrent un monde magique derrière une armoire et se battent contre les forces du mal.,Fantasy
À la croisée des mondes,"Lyra, une jeune fille, parcourt des mondes parallèles pour sauver son ami et découvrir une vérité cachée.",Fantasy
L'Assassin Royal,"FitzChevalerie, bâtard royal, devient assassin pour le trône et affronte des forces obscures.",Fantasy
Le Sorceleur,"Geralt de Riv, un chasseur de monstres, affronte des créatures magiques et des dilemmes moraux.",Fantasy
Le Nom du vent,"Kvothe, un héros légendaire, raconte son passé d’orphelin, de musicien et de magicien.",Fantasy
La Belgariade,Un jeune paysan découvre ses pouvoirs et part sauver le monde d'une ancienne prophétie.,Fantasy
Le Seigneur des Anneaux,"Une quête pour détruire un anneau magique dans un monde peuplé d’elfes, de hobbits et de magiciens.",Fantasy
Harry Potter à l'école des sorciers,"Un jeune sorcier découvre ses pouvoirs et entre à Poudlard, une école de magie.",Fantasy
Eragon,Un jeune garçon découvre qu’il est destiné à devenir dragonnier et affronter un empire maléfique.,Fantasy
Le Trône de fer,Une lutte de pouvoir sanglante pour le trône de Westeros dans un univers médiéval et magique.,Fantasy
Les Chroniques de Narnia,Des enfants découvrent un monde magique derrière une armoire et se battent contre les forces du mal.,Fantasy
À la croisée des mondes,"Lyra, une jeune fille, parcourt des mondes parallèles pour sauver son ami et découvrir une vérité cachée.",Fantasy
L'Assassin Royal,"FitzChevalerie, bâtard royal, devient assassin pour le trône et affronte des forces obscures.",Fantasy
Le Sorceleur,"Geralt de Riv, un chasseur de monstres, affronte des créatures magiques et des dilemmes moraux.",Fantasy
Le Nom du vent,"Kvothe, un héros légendaire, raconte son passé d’orphelin, de musicien et de magicien.",Fantasy
La Belgariade,Un jeune paysan découvre ses pouvoirs et part sauver le monde d'une ancienne prophétie.,Fantasy
Le Seigneur des Anneaux,"Une quête pour détruire un anneau magique dans un monde peuplé d’elfes, de hobbits et de magiciens.",Fantasy
Harry Potter à l'école des sorciers,"Un jeune sorcier découvre ses pouvoirs et entre à Poudlard, une école de magie.",Fantasy
Eragon,Un jeune garçon découvre qu’il est destiné à devenir dragonnier et affronter un empire maléfique.,Fantasy
Le Trône de fer,Une lutte de pouvoir sanglante pour le trône de Westeros dans un univers médiéval et magique.,Fantasy
Les Chroniques de Narnia,Des enfants découvrent un monde magique derrière une armoire et se battent contre les forces du mal.,Fantasy
À la croisée des mondes,"Lyra, une jeune fille, parcourt des mondes parallèles pour sauver son ami et découvrir une vérité cachée.",Fantasy
L'Assassin Royal,"FitzChevalerie, bâtard royal, devient assassin pour le trône et affronte des forces obscures.",Fantasy
Le Sorceleur,"Geralt de Riv, un chasseur de monstres, affronte des créatures magiques et des dilemmes moraux.",Fantasy
Le Nom du vent,"Kvothe, un héros légendaire, raconte son passé d’orphelin, de musicien et de magicien.",Fantasy
La Belgariade,Un jeune paysan découvre ses pouvoirs et part sauver le monde d'une ancienne prophétie.,Fantasy
Le Seigneur des Anneaux,"Une quête pour détruire un anneau magique dans un monde peuplé d’elfes, de hobbits et de magiciens.",Fantasy
Harry Potter à l'école des sorciers,"Un jeune sorcier découvre ses pouvoirs et entre à Poudlard, une école de magie.",Fantasy
Eragon,Un jeune garçon découvre qu’il est destiné à devenir dragonnier et affronter un empire maléfique.,Fantasy
Le Trône de fer,Une lutte de pouvoir sanglante pour le trône de Westeros dans un univers médiéval et magique.,Fantasy
Les Chroniques de Narnia,Des enfants découvrent un monde magique derrière une armoire et se battent contre les forces du mal.,Fantasy
À la croisée des mondes,"Lyra, une jeune fille, parcourt des mondes parallèles pour sauver son ami et découvrir une vérité cachée.",Fantasy
L'Assassin Royal,"FitzChevalerie, bâtard royal, devient assassin pour le trône et affronte des forces obscures.",Fantasy
Le Sorceleur,"Geralt de Riv, un chasseur de monstres, affronte des créatures magiques et des dilemmes moraux.",Fantasy
Le Nom du vent,"Kvothe, un héros légendaire, raconte son passé d’orphelin, de musicien et de magicien.",Fantasy
La Belgariade,Un jeune paysan découvre ses pouvoirs et part sauver le monde d'une ancienne prophétie.,Fantasy
Le Seigneur des Anneaux,"Une quête pour détruire un anneau magique dans un monde peuplé d’elfes, de hobbits et de magiciens.",Fantasy
Harry Potter à l'école des sorciers,"Un jeune sorcier découvre ses pouvoirs et entre à Poudlard, une école de magie.",Fantasy
Eragon,Un jeune garçon découvre qu’il est destiné à devenir dragonnier et affronter un empire maléfique.,Fantasy
Le Trône de fer,Une lutte de pouvoir sanglante pour le trône de Westeros dans un univers médiéval et magique.,Fantasy
Les Chroniques de Narnia,Des enfants découvrent un monde magique derrière une armoire et se battent contre les forces du mal.,Fantasy
À la croisée des mondes,"Lyra, une jeune fille, parcourt des mondes parallèles pour sauver son ami et découvrir une vérité cachée.",Fantasy
L'Assassin Royal,"FitzChevalerie, bâtard royal, devient assassin pour le trône et affronte des forces obscures.",Fantasy
Le Sorceleur,"Geralt de Riv, un chasseur de monstres, affronte des créatures magiques et des dilemmes moraux.",Fantasy
Le Nom du vent,"Kvothe, un héros légendaire, raconte son passé d’orphelin, de musicien et de magicien.",Fantasy
La Belgariade,Un jeune paysan découvre ses pouvoirs et part sauver le monde d'une ancienne prophétie.,Fantasy
Le Seigneur des Anneaux,"Une quête pour détruire un anneau magique dans un monde peuplé d’elfes, de hobbits et de magiciens.",Fantasy
Harry Potter à l'école des sorciers,"Un jeune sorcier découvre ses pouvoirs et entre à Poudlard, une école de magie.",Fantasy
Eragon,Un jeune garçon découvre qu’il est destiné à devenir dragonnier et affronter un empire maléfique.,Fantasy
Le Trône de fer,Une lutte de pouvoir sanglante pour le trône de Westeros dans un univers médiéval et magique.,Fantasy
Les Chroniques de Narnia,Des enfants découvrent un monde magique derrière une armoire et se battent contre les forces du mal.,Fantasy
À la croisée des mondes,"Lyra, une jeune fille, parcourt des mondes parallèles pour sauver son ami et découvrir une vérité cachée.",Fantasy
L'Assassin Royal,"FitzChevalerie, bâtard royal, devient assassin pour le trône et affronte des forces obscures.",Fantasy
Le Sorceleur,"Geralt de Riv, un chasseur de monstres, affronte des créatures magiques et des dilemmes moraux.",Fantasy
Le Nom du vent,"Kvothe, un héros légendaire, raconte son passé d’orphelin, de musicien et de magicien.",Fantasy
La Belgariade,Un jeune paysan découvre ses pouvoirs et part sauver le monde d'une ancienne prophétie.,Fantasy
Le Crime de l'Orient-Express,Hercule Poirot enquête sur le meurtre d’un passager dans un train mythique bloqué par la neige.,Policier
Sherlock Holmes : Le Chien des Baskerville,Sherlock Holmes et le Dr Watson résolvent un mystère impliquant une bête monstrueuse sur la lande.,Policier
La vérité sur l'affaire Harry Quebert,Un écrivain enquête sur un meurtre ancien pour prouver l’innocence de son ancien professeur.,Policier
Millénium : Les hommes qui n’aimaient pas les femmes,Une journaliste et un hacker enquêtent sur la disparition d’une jeune héritière suédoise.,Policier
Les Rivières pourpres,Deux policiers enquêtent sur une série de meurtres sanglants dans les Alpes françaises.,Policier
Da Vinci Code,Un professeur en symbologie découvre un complot religieux caché derrière un meurtre au Louvre.,Policier
Ne le dis à personne,"Un homme reçoit un e-mail lui annonçant que sa femme, disparue depuis huit ans, est toujours en vie.",Policier
Le Mystère de la chambre jaune,Un journaliste enquête sur un crime commis dans une chambre fermée de l’intérieur.,Policier
Avant d'aller dormir,Une femme perd la mémoire chaque nuit et tente de reconstruire son passé troublant.,Policier
Le Poète,Un journaliste suit les traces d’un tueur en série qui s’en prend aux poètes et aux journalistes.,Policier
Le Crime de l'Orient-Express,Hercule Poirot enquête sur le meurtre d’un passager dans un train mythique bloqué par la neige.,Policier
Sherlock Holmes : Le Chien des Baskerville,Sherlock Holmes et le Dr Watson résolvent un mystère impliquant une bête monstrueuse sur la lande.,Policier
La vérité sur l'affaire Harry Quebert,Un écrivain enquête sur un meurtre ancien pour prouver l’innocence de son ancien professeur.,Policier
Millénium : Les hommes qui n’aimaient pas les femmes,Une journaliste et un hacker enquêtent sur la disparition d’une jeune héritière suédoise.,Policier
Les Rivières pourpres,Deux policiers enquêtent sur une série de meurtres sanglants dans les Alpes françaises.,Policier
Da Vinci Code,Un professeur en symbologie découvre un complot religieux caché derrière un meurtre au Louvre.,Policier
Ne le dis à personne,"Un homme reçoit un e-mail lui annonçant que sa femme, disparue depuis huit ans, est toujours en vie.",Policier
Le Mystère de la chambre jaune,Un journaliste enquête sur un crime commis dans une chambre fermée de l’intérieur.,Policier
Avant d'aller dormir,Une femme perd la mémoire chaque nuit et tente de reconstruire son passé troublant.,Policier
Le Poète,Un journaliste suit les traces d’un tueur en série qui s’en prend aux poètes et aux journalistes.,Policier
Le Crime de l'Orient-Express,Hercule Poirot enquête sur le meurtre d’un passager dans un train mythique bloqué par la neige.,Policier
Sherlock Holmes : Le Chien des Baskerville,Sherlock Holmes et le Dr Watson résolvent un mystère impliquant une bête monstrueuse sur la lande.,Policier
La vérité sur l'affaire Harry Quebert,Un écrivain enquête sur un meurtre ancien pour prouver l’innocence de son ancien professeur.,Policier
Millénium : Les hommes qui n’aimaient pas les femmes,Une journaliste et un hacker enquêtent sur la disparition d’une jeune héritière suédoise.,Policier
Les Rivières pourpres,Deux policiers enquêtent sur une série de meurtres sanglants dans les Alpes françaises.,Policier
Da Vinci Code,Un professeur en symbologie découvre un complot religieux caché derrière un meurtre au Louvre.,Policier
Ne le dis à personne,"Un homme reçoit un e-mail lui annonçant que sa femme, disparue depuis huit ans, est toujours en vie.",Policier
Le Mystère de la chambre jaune,Un journaliste enquête sur un crime commis dans une chambre fermée de l’intérieur.,Policier
Avant d'aller dormir,Une femme perd la mémoire chaque nuit et tente de reconstruire son passé troublant.,Policier
Le Poète,Un journaliste suit les traces d’un tueur en série qui s’en prend aux poètes et aux journalistes.,Policier
Le Crime de l'Orient-Express,Hercule Poirot enquête sur le meurtre d’un passager dans un train mythique bloqué par la neige.,Policier
Sherlock Holmes : Le Chien des Baskerville,Sherlock Holmes et le Dr Watson résolvent un mystère impliquant une bête monstrueuse sur la lande.,Policier
La vérité sur l'affaire Harry Quebert,Un écrivain enquête sur un meurtre ancien pour prouver l’innocence de son ancien professeur.,Policier
Millénium : Les hommes qui n’aimaient pas les femmes,Une journaliste et un hacker enquêtent sur la disparition d’une jeune héritière suédoise.,Policier
Les Rivières pourpres,Deux policiers enquêtent sur une série de meurtres sanglants dans les Alpes françaises.,Policier
Da Vinci Code,Un professeur en symbologie découvre un complot religieux caché derrière un meurtre au Louvre.,Policier
Ne le dis à personne,"Un homme reçoit un e-mail lui annonçant que sa femme, disparue depuis huit ans, est toujours en vie.",Policier
Le Mystère de la chambre jaune,Un journaliste enquête sur un crime commis dans une chambre fermée de l’intérieur.,Policier
Avant d'aller dormir,Une femme perd la mémoire chaque nuit et tente de reconstruire son passé troublant.,Policier
Le Poète,Un journaliste suit les traces d’un tueur en série qui s’en prend aux poètes et aux journalistes.,Policier
Le Crime de l'Orient-Express,Hercule Poirot enquête sur le meurtre d’un passager dans un train mythique bloqué par la neige.,Policier
Sherlock Holmes : Le Chien des Baskerville,Sherlock Holmes et le Dr Watson résolvent un mystère impliquant une bête monstrueuse sur la lande.,Policier
La vérité sur l'affaire Harry Quebert,Un écrivain enquête sur un meurtre ancien pour prouver l’innocence de son ancien professeur.,Policier
Millénium : Les hommes qui n’aimaient pas les femmes,Une journaliste et un hacker enquêtent sur la disparition d’une jeune héritière suédoise.,Policier
Les Rivières pourpres,Deux policiers enquêtent sur une série de meurtres sanglants dans les Alpes françaises.,Policier
Da Vinci Code,Un professeur en symbologie découvre un complot religieux caché derrière un meurtre au Louvre.,Policier
Ne le dis à personne,"Un homme reçoit un e-mail lui annonçant que sa femme, disparue depuis huit ans, est toujours en vie.",Policier
Le Mystère de la chambre jaune,Un journaliste enquête sur un crime commis dans une chambre fermée de l’intérieur.,Policier
Avant d'aller dormir,Une femme perd la mémoire chaque nuit et tente de reconstruire son passé troublant.,Policier
Le Poète,Un journaliste suit les traces d’un tueur en série qui s’en prend aux poètes et aux journalistes.,Policier
Le Crime de l'Orient-Express,Hercule Poirot enquête sur le meurtre d’un passager dans un train mythique bloqué par la neige.,Policier
Sherlock Holmes : Le Chien des Baskerville,Sherlock Holmes et le Dr Watson résolvent un mystère impliquant une bête monstrueuse sur la lande.,Policier
La vérité sur l'affaire Harry Quebert,Un écrivain enquête sur un meurtre ancien pour prouver l’innocence de son ancien professeur.,Policier
Millénium : Les hommes qui n’aimaient pas les femmes,Une journaliste et un hacker enquêtent sur la disparition d’une jeune héritière suédoise.,Policier
Les Rivières pourpres,Deux policiers enquêtent sur une série de meurtres sanglants dans les Alpes françaises.,Policier
Da Vinci Code,Un professeur en symbologie découvre un complot religieux caché derrière un meurtre au Louvre.,Policier
Ne le dis à personne,"Un homme reçoit un e-mail lui annonçant que sa femme, disparue depuis huit ans, est toujours en vie.",Policier
Le Mystère de la chambre jaune,Un journaliste enquête sur un crime commis dans une chambre fermée de l’intérieur.,Policier
Avant d'aller dormir,Une femme perd la mémoire chaque nuit et tente de reconstruire son passé troublant.,Policier
Le Poète,Un journaliste suit les traces d’un tueur en série qui s’en prend aux poètes et aux journalistes.,Policier
Le Crime de l'Orient-Express,Hercule Poirot enquête sur le meurtre d’un passager dans un train mythique bloqué par la neige.,Policier
Sherlock Holmes : Le Chien des Baskerville,Sherlock Holmes et le Dr Watson résolvent un mystère impliquant une bête monstrueuse sur la lande.,Policier
La vérité sur l'affaire Harry Quebert,Un écrivain enquête sur un meurtre ancien pour prouver l’innocence de son ancien professeur.,Policier
Millénium : Les hommes qui n’aimaient pas les femmes,Une journaliste et un hacker enquêtent sur la disparition d’une jeune héritière suédoise.,Policier
Les Rivières pourpres,Deux policiers enquêtent sur une série de meurtres sanglants dans les Alpes françaises.,Policier
Da Vinci Code,Un professeur en symbologie découvre un complot religieux caché derrière un meurtre au Louvre.,Policier
Ne le dis à personne,"Un homme reçoit un e-mail lui annonçant que sa femme, disparue depuis huit ans, est toujours en vie.",Policier
Le Mystère de la chambre jaune,Un journaliste enquête sur un crime commis dans une chambre fermée de l’intérieur.,Policier
Avant d'aller dormir,Une femme perd la mémoire chaque nuit et tente de reconstruire son passé troublant.,Policier
Le Poète,Un journaliste suit les traces d’un tueur en série qui s’en prend aux poètes et aux journalistes.,Policier
Le Crime de l'Orient-Express,Hercule Poirot enquête sur le meurtre d’un passager dans un train mythique bloqué par la neige.,Policier
Sherlock Holmes : Le Chien des Baskerville,Sherlock Holmes et le Dr Watson résolvent un mystère impliquant une bête monstrueuse sur la lande.,Policier
La vérité sur l'affaire Harry Quebert,Un écrivain enquête sur un meurtre ancien pour prouver l’innocence de son ancien professeur.,Policier
Millénium : Les hommes qui n’aimaient pas les femmes,Une journaliste et un hacker enquêtent sur la disparition d’une jeune héritière suédoise.,Policier
Les Rivières pourpres,Deux policiers enquêtent sur une série de meurtres sanglants dans les Alpes françaises.,Policier
Da Vinci Code,Un professeur en symbologie découvre un complot religieux caché derrière un meurtre au Louvre.,Policier
Ne le dis à personne,"Un homme reçoit un e-mail lui annonçant que sa femme, disparue depuis huit ans, est toujours en vie.",Policier
Le Mystère de la chambre jaune,Un journaliste enquête sur un crime commis dans une chambre fermée de l’intérieur.,Policier
Avant d'aller dormir,Une femme perd la mémoire chaque nuit et tente de reconstruire son passé troublant.,Policier
Le Poète,Un journaliste suit les traces d’un tueur en série qui s’en prend aux poètes et aux journalistes.,Policier
Le Crime de l'Orient-Express,Hercule Poirot enquête sur le meurtre d’un passager dans un train mythique bloqué par la neige.,Policier
Sherlock Holmes : Le Chien des Baskerville,Sherlock Holmes et le Dr Watson résolvent un mystère impliquant une bête monstrueuse sur la lande.,Policier
La vérité sur l'affaire Harry Quebert,Un écrivain enquête sur un meurtre ancien pour prouver l’innocence de son ancien professeur.,Policier
Millénium : Les hommes qui n’aimaient pas les femmes,Une journaliste et un hacker enquêtent sur la disparition d’une jeune héritière suédoise.,Policier
Les Rivières pourpres,Deux policiers enquêtent sur une série de meurtres sanglants dans les Alpes françaises.,Policier
Da Vinci Code,Un professeur en symbologie découvre un complot religieux caché derrière un meurtre au Louvre.,Policier
Ne le dis à personne,"Un homme reçoit un e-mail lui annonçant que sa femme, disparue depuis huit ans, est toujours en vie.",Policier
Le Mystère de la chambre jaune,Un journaliste enquête sur un crime commis dans une chambre fermée de l’intérieur.,Policier
Avant d'aller dormir,Une femme perd la mémoire chaque nuit et tente de reconstruire son passé troublant.,Policier
Le Poète,Un journaliste suit les traces d’un tueur en série qui s’en prend aux poètes et aux journalistes.,Policier
Le Crime de l'Orient-Express,Hercule Poirot enquête sur le meurtre d’un passager dans un train mythique bloqué par la neige.,Policier
Sherlock Holmes : Le Chien des Baskerville,Sherlock Holmes et le Dr Watson résolvent un mystère impliquant une bête monstrueuse sur la lande.,Policier
La vérité sur l'affaire Harry Quebert,Un écrivain enquête sur un meurtre ancien pour prouver l’innocence de son ancien professeur.,Policier
Millénium : Les hommes qui n’aimaient pas les femmes,Une journaliste et un hacker enquêtent sur la disparition d’une jeune héritière suédoise.,Policier
Les Rivières pourpres,Deux policiers enquêtent sur une série de meurtres sanglants dans les Alpes françaises.,Policier
Da Vinci Code,Un professeur en symbologie découvre un complot religieux caché derrière un meurtre au Louvre.,Policier
Ne le dis à personne,"Un homme reçoit un e-mail lui annonçant que sa femme, disparue depuis huit ans, est toujours en vie.",Policier
Le Mystère de la chambre jaune,Un journaliste enquête sur un crime commis dans une chambre fermée de l’intérieur.,Policier
Avant d'aller dormir,Une femme perd la mémoire chaque nuit et tente de reconstruire son passé troublant.,Policier
Le Poète,Un journaliste suit les traces d’un tueur en série qui s’en prend aux poètes et aux journalistes.,Policier
Shutter Island,Deux agents enquêtent sur la disparition d’une patiente dans un hôpital psychiatrique situé sur une île isolée.,Thriller
Da Vinci Code,Un professeur en symbologie est entraîné dans une course-poursuite pour déchiffrer un complot religieux.,Thriller
Gone Girl,"Une femme disparaît le jour de son anniversaire de mariage, et son mari devient le principal suspect.",Thriller
Le Silence des agneaux,Un jeune agent du FBI interroge un psychopathe pour arrêter un tueur en série insaisissable.,Thriller
Inferno,Robert Langdon se réveille à Florence sans mémoire et doit empêcher une catastrophe mondiale.,Thriller
Avant d’aller dormir,"Chaque nuit, Christine perd la mémoire et tente de reconstruire son identité avec l’aide d’un journal.",Thriller
La Fille du train,Une femme observe chaque jour un couple depuis le train et découvre un secret troublant.,Thriller
L’Analyste,Un psychanalyste reçoit une lettre menaçante qui l'entraîne dans un jeu psychologique mortel.,Thriller
La Chambre des morts,"Des policiers découvrent deux cadavres mutilés accompagnés d’un sac d’argent, début d'une enquête macabre.",Thriller
L’Instinct de mort,"Jacques Mesrine, criminel français notoire, raconte sa vie de braqueur et d’évadé hors normes.",Thriller
Shutter Island,Deux agents enquêtent sur la disparition d’une patiente dans un hôpital psychiatrique situé sur une île isolée.,Thriller
Da Vinci Code,Un professeur en symbologie est entraîné dans une course-poursuite pour déchiffrer un complot religieux.,Thriller
Gone Girl,"Une femme disparaît le jour de son anniversaire de mariage, et son mari devient le principal suspect.",Thriller
Le Silence des agneaux,Un jeune agent du FBI interroge un psychopathe pour arrêter un tueur en série insaisissable.,Thriller
Inferno,Robert Langdon se réveille à Florence sans mémoire et doit empêcher une catastrophe mondiale.,Thriller
Avant d’aller dormir,"Chaque nuit, Christine perd la mémoire et tente de reconstruire son identité avec l’aide d’un journal.",Thriller
La Fille du train,Une femme observe chaque jour un couple depuis le train et découvre un secret troublant.,Thriller
L’Analyste,Un psychanalyste reçoit une lettre menaçante qui l'entraîne dans un jeu psychologique mortel.,Thriller
La Chambre des morts,"Des policiers découvrent deux cadavres mutilés accompagnés d’un sac d’argent, début d'une enquête macabre.",Thriller
L’Instinct de mort,"Jacques Mesrine, criminel français notoire, raconte sa vie de braqueur et d’évadé hors normes.",Thriller
Shutter Island,Deux agents enquêtent sur la disparition d’une patiente dans un hôpital psychiatrique situé sur une île isolée.,Thriller
Da Vinci Code,Un professeur en symbologie est entraîné dans une course-poursuite pour déchiffrer un complot religieux.,Thriller
Gone Girl,"Une femme disparaît le jour de son anniversaire de mariage, et son mari devient le principal suspect.",Thriller
Le Silence des agneaux,Un jeune agent du FBI interroge un psychopathe pour arrêter un tueur en série insaisissable.,Thriller
Inferno,Robert Langdon se réveille à Florence sans mémoire et doit empêcher une catastrophe mondiale.,Thriller
Avant d’aller dormir,"Chaque nuit, Christine perd la mémoire et tente de reconstruire son identité avec l’aide d’un journal.",Thriller
La Fille du train,Une femme observe chaque jour un couple depuis le train et découvre un secret troublant.,Thriller
L’Analyste,Un psychanalyste reçoit une lettre menaçante qui l'entraîne dans un jeu psychologique mortel.,Thriller
La Chambre des morts,"Des policiers découvrent deux cadavres mutilés accompagnés d’un sac d’argent, début d'une enquête macabre.",Thriller
L’Instinct de mort,"Jacques Mesrine, criminel français notoire, raconte sa vie de braqueur et d’évadé hors normes.",Thriller
Shutter Island,Deux agents enquêtent sur la disparition d’une patiente dans un hôpital psychiatrique situé sur une île isolée.,Thriller
Da Vinci Code,Un professeur en symbologie est entraîné dans une course-poursuite pour déchiffrer un complot religieux.,Thriller
Gone Girl,"Une femme disparaît le jour de son anniversaire de mariage, et son mari devient le principal suspect.",Thriller
Le Silence des agneaux,Un jeune agent du FBI interroge un psychopathe pour arrêter un tueur en série insaisissable.,Thriller
Inferno,Robert Langdon se réveille à Florence sans mémoire et doit empêcher une catastrophe mondiale.,Thriller
Avant d’aller dormir,"Chaque nuit, Christine perd la mémoire et tente de reconstruire son identité avec l’aide d’un journal.",Thriller
La Fille du train,Une femme observe chaque jour un couple depuis le train et découvre un secret troublant.,Thriller
L’Analyste,Un psychanalyste reçoit une lettre menaçante qui l'entraîne dans un jeu psychologique mortel.,Thriller
La Chambre des morts,"Des policiers découvrent deux cadavres mutilés accompagnés d’un sac d’argent, début d'une enquête macabre.",Thriller
L’Instinct de mort,"Jacques Mesrine, criminel français notoire, raconte sa vie de braqueur et d’évadé hors normes.",Thriller
Shutter Island,Deux agents enquêtent sur la disparition d’une patiente dans un hôpital psychiatrique situé sur une île isolée.,Thriller
Da Vinci Code,Un professeur en symbologie est entraîné dans une course-poursuite pour déchiffrer un complot religieux.,Thriller
Gone Girl,"Une femme disparaît le jour de son anniversaire de mariage, et son mari devient le principal suspect.",Thriller
Le Silence des agneaux,Un jeune agent du FBI interroge un psychopathe pour arrêter un tueur en série insaisissable.,Thriller
Inferno,Robert Langdon se réveille à Florence sans mémoire et doit empêcher une catastrophe mondiale.,Thriller
Avant d’aller dormir,"Chaque nuit, Christine perd la mémoire et tente de reconstruire son identité avec l’aide d’un journal.",Thriller
La Fille du train,Une femme observe chaque jour un couple depuis le train et découvre un secret troublant.,Thriller
L’Analyste,Un psychanalyste reçoit une lettre menaçante qui l'entraîne dans un jeu psychologique mortel.,Thriller
La Chambre des morts,"Des policiers découvrent deux cadavres mutilés accompagnés d’un sac d’argent, début d'une enquête macabre.",Thriller
L’Instinct de mort,"Jacques Mesrine, criminel français notoire, raconte sa vie de braqueur et d’évadé hors normes.",Thriller
Shutter Island,Deux agents enquêtent sur la disparition d’une patiente dans un hôpital psychiatrique situé sur une île isolée.,Thriller
Da Vinci Code,Un professeur en symbologie est entraîné dans une course-poursuite pour déchiffrer un complot religieux.,Thriller
Gone Girl,"Une femme disparaît le jour de son anniversaire de mariage, et son mari devient le principal suspect.",Thriller
Le Silence des agneaux,Un jeune agent du FBI interroge un psychopathe pour arrêter un tueur en série insaisissable.,Thriller
Inferno,Robert Langdon se réveille à Florence sans mémoire et doit empêcher une catastrophe mondiale.,Thriller
Avant d’aller dormir,"Chaque nuit, Christine perd la mémoire et tente de reconstruire son identité avec l’aide d’un journal.",Thriller
La Fille du train,Une femme observe chaque jour un couple depuis le train et découvre un secret troublant.,Thriller
L’Analyste,Un psychanalyste reçoit une lettre menaçante qui l'entraîne dans un jeu psychologique mortel.,Thriller
La Chambre des morts,"Des policiers découvrent deux cadavres mutilés accompagnés d’un sac d’argent, début d'une enquête macabre.",Thriller
L’Instinct de mort,"Jacques Mesrine, criminel français notoire, raconte sa vie de braqueur et d’évadé hors normes.",Thriller
Shutter Island,Deux agents enquêtent sur la disparition d’une patiente dans un hôpital psychiatrique situé sur une île isolée.,Thriller
Da Vinci Code,Un professeur en symbologie est entraîné dans une course-poursuite pour déchiffrer un complot religieux.,Thriller
Gone Girl,"Une femme disparaît le jour de son anniversaire de mariage, et son mari devient le principal suspect.",Thriller
Le Silence des agneaux,Un jeune agent du FBI interroge un psychopathe pour arrêter un tueur en série insaisissable.,Thriller
Inferno,Robert Langdon se réveille à Florence sans mémoire et doit empêcher une catastrophe mondiale.,Thriller
Avant d’aller dormir,"Chaque nuit, Christine perd la mémoire et tente de reconstruire son identité avec l’aide d’un journal.",Thriller
La Fille du train,Une femme observe chaque jour un couple depuis le train et découvre un secret troublant.,Thriller
L’Analyste,Un psychanalyste reçoit une lettre menaçante qui l'entraîne dans un jeu psychologique mortel.,Thriller
La Chambre des morts,"Des policiers découvrent deux cadavres mutilés accompagnés d’un sac d’argent, début d'une enquête macabre.",Thriller
L’Instinct de mort,"Jacques Mesrine, criminel français notoire, raconte sa vie de braqueur et d’évadé hors normes.",Thriller
Shutter Island,Deux agents enquêtent sur la disparition d’une patiente dans un hôpital psychiatrique situé sur une île isolée.,Thriller
Da Vinci Code,Un professeur en symbologie est entraîné dans une course-poursuite pour déchiffrer un complot religieux.,Thriller
Gone Girl,"Une femme disparaît le jour de son anniversaire de mariage, et son mari devient le principal suspect.",Thriller
Le Silence des agneaux,Un jeune agent du FBI interroge un psychopathe pour arrêter un tueur en série insaisissable.,Thriller
Inferno,Robert Langdon se réveille à Florence sans mémoire et doit empêcher une catastrophe mondiale.,Thriller
Avant d’aller dormir,"Chaque nuit, Christine perd la mémoire et tente de reconstruire son identité avec l’aide d’un journal.",Thriller
La Fille du train,Une femme observe chaque jour un couple depuis le train et découvre un secret troublant.,Thriller
L’Analyste,Un psychanalyste reçoit une lettre menaçante qui l'entraîne dans un jeu psychologique mortel.,Thriller
La Chambre des morts,"Des policiers découvrent deux cadavres mutilés accompagnés d’un sac d’argent, début d'une enquête macabre.",Thriller
L’Instinct de mort,"Jacques Mesrine, criminel français notoire, raconte sa vie de braqueur et d’évadé hors normes.",Thriller
Shutter Island,Deux agents enquêtent sur la disparition d’une patiente dans un hôpital psychiatrique situé sur une île isolée.,Thriller
Da Vinci Code,Un professeur en symbologie est entraîné dans une course-poursuite pour déchiffrer un complot religieux.,Thriller
Gone Girl,"Une femme disparaît le jour de son anniversaire de mariage, et son mari devient le principal suspect.",Thriller
Le Silence des agneaux,Un jeune agent du FBI interroge un psychopathe pour arrêter un tueur en série insaisissable.,Thriller
Inferno,Robert Langdon se réveille à Florence sans mémoire et doit empêcher une catastrophe mondiale.,Thriller
Avant d’aller dormir,"Chaque nuit, Christine perd la mémoire et tente de reconstruire son identité avec l’aide d’un journal.",Thriller
La Fille du train,Une femme observe chaque jour un couple depuis le train et découvre un secret troublant.,Thriller
L’Analyste,Un psychanalyste reçoit une lettre menaçante qui l'entraîne dans un jeu psychologique mortel.,Thriller
La Chambre des morts,"Des policiers découvrent deux cadavres mutilés accompagnés d’un sac d’argent, début d'une enquête macabre.",Thriller
L’Instinct de mort,"Jacques Mesrine, criminel français notoire, raconte sa vie de braqueur et d’évadé hors normes.",Thriller
Shutter Island,Deux agents enquêtent sur la disparition d’une patiente dans un hôpital psychiatrique situé sur une île isolée.,Thriller
Da Vinci Code,Un professeur en symbologie est entraîné dans une course-poursuite pour déchiffrer un complot religieux.,Thriller
Gone Girl,"Une femme disparaît le jour de son anniversaire de mariage, et son mari devient le principal suspect.",Thriller
Le Silence des agneaux,Un jeune agent du FBI interroge un psychopathe pour arrêter un tueur en série insaisissable.,Thriller
Inferno,Robert Langdon se réveille à Florence sans mémoire et doit empêcher une catastrophe mondiale.,Thriller
Avant d’aller dormir,"Chaque nuit, Christine perd la mémoire et tente de reconstruire son identité avec l’aide d’un journal.",Thriller
La Fille du train,Une femme observe chaque jour un couple depuis le train et découvre un secret troublant.,Thriller
L’Analyste,Un psychanalyste reçoit une lettre menaçante qui l'entraîne dans un jeu psychologique mortel.,Thriller
La Chambre des morts,"Des policiers découvrent deux cadavres mutilés accompagnés d’un sac d’argent, début d'une enquête macabre.",Thriller
L’Instinct de mort,"Jacques Mesrine, criminel français notoire, raconte sa vie de braqueur et d’évadé hors normes.",Thriller
Orgueil et Préjugés,Elizabeth Bennet découvre l’amour à travers ses préjugés et les fiertés de M. Darcy.,Romance
Outlander,"Claire Randall, infirmière de guerre, voyage dans le temps et tombe amoureuse d’un guerrier écossais.",Romance
Jane Eyre,"Une gouvernante orpheline tombe amoureuse de son mystérieux employeur, M. Rochester.",Romance
Les oiseaux se cachent pour mourir,Une passion interdite entre un prêtre et une jeune femme dans l’Australie rurale.,Romance
Avant toi,Une jeune femme aide un homme tétraplégique à retrouver goût à la vie et découvre l’amour.,Romance
Nos étoiles contraires,Deux adolescents atteints de cancer vivent une histoire d’amour intense et tragique.,Romance
L’Écume des jours,"Colin tombe amoureux de Chloé, mais leur bonheur est terni par une maladie rare.",Romance
Call Me by Your Name,"Un été en Italie, Elio et Oliver vivent une histoire d’amour intense et éphémère.",Romance
La Délicatesse,"Nathalie, veuve, retrouve peu à peu le goût de vivre grâce à un collègue inattendu.",Romance
PS : I Love You,Une jeune veuve reçoit des lettres d’amour posthumes de son mari décédé.,Romance
Orgueil et Préjugés,Elizabeth Bennet découvre l’amour à travers ses préjugés et les fiertés de M. Darcy.,Romance
Outlander,"Claire Randall, infirmière de guerre, voyage dans le temps et tombe amoureuse d’un guerrier écossais.",Romance
Jane Eyre,"Une gouvernante orpheline tombe amoureuse de son mystérieux employeur, M. Rochester.",Romance
Les oiseaux se cachent pour mourir,Une passion interdite entre un prêtre et une jeune femme dans l’Australie rurale.,Romance
Avant toi,Une jeune femme aide un homme tétraplégique à retrouver goût à la vie et découvre l’amour.,Romance
Nos étoiles contraires,Deux adolescents atteints de cancer vivent une histoire d’amour intense et tragique.,Romance
L’Écume des jours,"Colin tombe amoureux de Chloé, mais leur bonheur est terni par une maladie rare.",Romance
Call Me by Your Name,"Un été en Italie, Elio et Oliver vivent une histoire d’amour intense et éphémère.",Romance
La Délicatesse,"Nathalie, veuve, retrouve peu à peu le goût de vivre grâce à un collègue inattendu.",Romance
PS : I Love You,Une jeune veuve reçoit des lettres d’amour posthumes de son mari décédé.,Romance
Orgueil et Préjugés,Elizabeth Bennet découvre l’amour à travers ses préjugés et les fiertés de M. Darcy.,Romance
Outlander,"Claire Randall, infirmière de guerre, voyage dans le temps et tombe amoureuse d’un guerrier écossais.",Romance
Jane Eyre,"Une gouvernante orpheline tombe amoureuse de son mystérieux employeur, M. Rochester.",Romance
Les oiseaux se cachent pour mourir,Une passion interdite entre un prêtre et une jeune femme dans l’Australie rurale.,Romance
Avant toi,Une jeune femme aide un homme tétraplégique à retrouver goût à la vie et découvre l’amour.,Romance
Nos étoiles contraires,Deux adolescents atteints de cancer vivent une histoire d’amour intense et tragique.,Romance
L’Écume des jours,"Colin tombe amoureux de Chloé, mais leur bonheur est terni par une maladie rare.",Romance
Call Me by Your Name,"Un été en Italie, Elio et Oliver vivent une histoire d’amour intense et éphémère.",Romance
La Délicatesse,"Nathalie, veuve, retrouve peu à peu le goût de vivre grâce à un collègue inattendu.",Romance
PS : I Love You,Une jeune veuve reçoit des lettres d’amour posthumes de son mari décédé.,Romance
Orgueil et Préjugés,Elizabeth Bennet découvre l’amour à travers ses préjugés et les fiertés de M. Darcy.,Romance
Outlander,"Claire Randall, infirmière de guerre, voyage dans le temps et tombe amoureuse d’un guerrier écossais.",Romance
Jane Eyre,"Une gouvernante orpheline tombe amoureuse de son mystérieux employeur, M. Rochester.",Romance
Les oiseaux se cachent pour mourir,Une passion interdite entre un prêtre et une jeune femme dans l’Australie rurale.,Romance
Avant toi,Une jeune femme aide un homme tétraplégique à retrouver goût à la vie et découvre l’amour.,Romance
Nos étoiles contraires,Deux adolescents atteints de cancer vivent une histoire d’amour intense et tragique.,Romance
L’Écume des jours,"Colin tombe amoureux de Chloé, mais leur bonheur est terni par une maladie rare.",Romance
Call Me by Your Name,"Un été en Italie, Elio et Oliver vivent une histoire d’amour intense et éphémère.",Romance
La Délicatesse,"Nathalie, veuve, retrouve peu à peu le goût de vivre grâce à un collègue inattendu.",Romance
PS : I Love You,Une jeune veuve reçoit des lettres d’amour posthumes de son mari décédé.,Romance
Orgueil et Préjugés,Elizabeth Bennet découvre l’amour à travers ses préjugés et les fiertés de M. Darcy.,Romance
Outlander,"Claire Randall, infirmière de guerre, voyage dans le temps et tombe amoureuse d’un guerrier écossais.",Romance
Jane Eyre,"Une gouvernante orpheline tombe amoureuse de son mystérieux employeur, M. Rochester.",Romance
Les oiseaux se cachent pour mourir,Une passion interdite entre un prêtre et une jeune femme dans l’Australie rurale.,Romance
Avant toi,Une jeune femme aide un homme tétraplégique à retrouver goût à la vie et découvre l’amour.,Romance
Nos étoiles contraires,Deux adolescents atteints de cancer vivent une histoire d’amour intense et tragique.,Romance
L’Écume des jours,"Colin tombe amoureux de Chloé, mais leur bonheur est terni par une maladie rare.",Romance
Call Me by Your Name,"Un été en Italie, Elio et Oliver vivent une histoire d’amour intense et éphémère.",Romance
La Délicatesse,"Nathalie, veuve, retrouve peu à peu le goût de vivre grâce à un collègue inattendu.",Romance
PS : I Love You,Une jeune veuve reçoit des lettres d’amour posthumes de son mari décédé.,Romance
Orgueil et Préjugés,Elizabeth Bennet découvre l’amour à travers ses préjugés et les fiertés de M. Darcy.,Romance
Outlander,"Claire Randall, infirmière de guerre, voyage dans le temps et tombe amoureuse d’un guerrier écossais.",Romance
Jane Eyre,"Une gouvernante orpheline tombe amoureuse de son mystérieux employeur, M. Rochester.",Romance
Les oiseaux se cachent pour mourir,Une passion interdite entre un prêtre et une jeune femme dans l’Australie rurale.,Romance
Avant toi,Une jeune femme aide un homme tétraplégique à retrouver goût à la vie et découvre l’amour.,Romance
Nos étoiles contraires,Deux adolescents atteints de cancer vivent une histoire d’amour intense et tragique.,Romance
L’Écume des jours,"Colin tombe amoureux de Chloé, mais leur bonheur est terni par une maladie rare.",Romance
Call Me by Your Name,"Un été en Italie, Elio et Oliver vivent une histoire d’amour intense et éphémère.",Romance
La Délicatesse,"Nathalie, veuve, retrouve peu à peu le goût de vivre grâce à un collègue inattendu.",Romance
PS : I Love You,Une jeune veuve reçoit des lettres d’amour posthumes de son mari décédé.,Romance
Orgueil et Préjugés,Elizabeth Bennet découvre l’amour à travers ses préjugés et les fiertés de M. Darcy.,Romance
Outlander,"Claire Randall, infirmière de guerre, voyage dans le temps et tombe amoureuse d’un guerrier écossais.",Romance
Jane Eyre,"Une gouvernante orpheline tombe amoureuse de son mystérieux employeur, M. Rochester.",Romance
Les oiseaux se cachent pour mourir,Une passion interdite entre un prêtre et une jeune femme dans l’Australie rurale.,Romance
Avant toi,Une jeune femme aide un homme tétraplégique à retrouver goût à la vie et découvre l’amour.,Romance
Nos étoiles contraires,Deux adolescents atteints de cancer vivent une histoire d’amour intense et tragique.,Romance
L’Écume des jours,"Colin tombe amoureux de Chloé, mais leur bonheur est terni par une maladie rare.",Romance
Call Me by Your Name,"Un été en Italie, Elio et Oliver vivent une histoire d’amour intense et éphémère.",Romance
La Délicatesse,"Nathalie, veuve, retrouve peu à peu le goût de vivre grâce à un collègue inattendu.",Romance
PS : I Love You,Une jeune veuve reçoit des lettres d’amour posthumes de son mari décédé.,Romance
Orgueil et Préjugés,Elizabeth Bennet découvre l’amour à travers ses préjugés et les fiertés de M. Darcy.,Romance
Outlander,"Claire Randall, infirmière de guerre, voyage dans le temps et tombe amoureuse d’un guerrier écossais.",Romance
Jane Eyre,"Une gouvernante orpheline tombe amoureuse de son mystérieux employeur, M. Rochester.",Romance
Les oiseaux se cachent pour mourir,Une passion interdite entre un prêtre et une jeune femme dans l’Australie rurale.,Romance
Avant toi,Une jeune femme aide un homme tétraplégique à retrouver goût à la vie et découvre l’amour.,Romance
Nos étoiles contraires,Deux adolescents atteints de cancer vivent une histoire d’amour intense et tragique.,Romance
L’Écume des jours,"Colin tombe amoureux de Chloé, mais leur bonheur est terni par une maladie rare.",Romance
Call Me by Your Name,"Un été en Italie, Elio et Oliver vivent une histoire d’amour intense et éphémère.",Romance
La Délicatesse,"Nathalie, veuve, retrouve peu à peu le goût de vivre grâce à un collègue inattendu.",Romance
PS : I Love You,Une jeune veuve reçoit des lettres d’amour posthumes de son mari décédé.,Romance
Orgueil et Préjugés,Elizabeth Bennet découvre l’amour à travers ses préjugés et les fiertés de M. Darcy.,Romance
Outlander,"Claire Randall, infirmière de guerre, voyage dans le temps et tombe amoureuse d’un guerrier écossais.",Romance
Jane Eyre,"Une gouvernante orpheline tombe amoureuse de son mystérieux employeur, M. Rochester.",Romance
Les oiseaux se cachent pour mourir,Une passion interdite entre un prêtre et une jeune femme dans l’Australie rurale.,Romance
Avant toi,Une jeune femme aide un homme tétraplégique à retrouver goût à la vie et découvre l’amour.,Romance
Nos étoiles contraires,Deux adolescents atteints de cancer vivent une histoire d’amour intense et tragique.,Romance
L’Écume des jours,"Colin tombe amoureux de Chloé, mais leur bonheur est terni par une maladie rare.",Romance
Call Me by Your Name,"Un été en Italie, Elio et Oliver vivent une histoire d’amour intense et éphémère.",Romance
La Délicatesse,"Nathalie, veuve, retrouve peu à peu le goût de vivre grâce à un collègue inattendu.",Romance
PS : I Love You,Une jeune veuve reçoit des lettres d’amour posthumes de son mari décédé.,Romance
Orgueil et Préjugés,Elizabeth Bennet découvre l’amour à travers ses préjugés et les fiertés de M. Darcy.,Romance
Outlander,"Claire Randall, infirmière de guerre, voyage dans le temps et tombe amoureuse d’un guerrier écossais.",Romance
Jane Eyre,"Une gouvernante orpheline tombe amoureuse de son mystérieux employeur, M. Rochester.",Romance
Les oiseaux se cachent pour mourir,Une passion interdite entre un prêtre et une jeune femme dans l’Australie rurale.,Romance
Avant toi,Une jeune femme aide un homme tétraplégique à retrouver goût à la vie et découvre l’amour.,Romance
Nos étoiles contraires,Deux adolescents atteints de cancer vivent une histoire d’amour intense et tragique.,Romance
L’Écume des jours,"Colin tombe amoureux de Chloé, mais leur bonheur est terni par une maladie rare.",Romance
Call Me by Your Name,"Un été en Italie, Elio et Oliver vivent une histoire d’amour intense et éphémère.",Romance
La Délicatesse,"Nathalie, veuve, retrouve peu à peu le goût de vivre grâce à un collègue inattendu.",Romance
PS : I Love You,Une jeune veuve reçoit des lettres d’amour posthumes de son mari décédé.,Romance
Une vie,"Simone Veil retrace sa vie marquée par la déportation, la politique et la lutte pour les droits des femmes.",Biographie
Nelson Mandela : Un long chemin vers la liberté,Nelson Mandela raconte sa lutte contre l’apartheid et son chemin vers la présidence sud-africaine.,Biographie
Le journal d’Anne Frank,Le journal intime poignant d’une adolescente juive cachée durant l’occupation nazie.,Biographie
Steve Jobs,"La vie complexe et intense de Steve Jobs, cofondateur d’Apple, racontée par Walter Isaacson.",Biographie
Marie Curie : Une vie,"Une biographie passionnante de la scientifique Marie Curie, première femme à recevoir un prix Nobel.",Biographie
"Malala : Moi, Malala","L’histoire inspirante de Malala, militante pakistanaise pour l’éducation des filles, survivante d’un attentat.",Biographie
Devenir,Michelle Obama partage son parcours de fille de Chicago à Première dame des États-Unis.,Biographie
L’Homme qui voulait être heureux,"Un récit fictif inspirant d’un homme ordinaire en quête de sens à Bali, présenté comme une fable de sagesse.",Biographie
Gandhi : Autobiographie,"Gandhi évoque sa vie, ses engagements, sa philosophie de la non-violence et ses luttes en Inde.",Biographie
Churchill : Une vie,"Une biographie complète du légendaire Premier ministre britannique, homme de guerre et d’esprit.",Biographie
Une vie,"Simone Veil retrace sa vie marquée par la déportation, la politique et la lutte pour les droits des femmes.",Biographie
Nelson Mandela : Un long chemin vers la liberté,Nelson Mandela raconte sa lutte contre l’apartheid et son chemin vers la présidence sud-africaine.,Biographie
Le journal d’Anne Frank,Le journal intime poignant d’une adolescente juive cachée durant l’occupation nazie.,Biographie
Steve Jobs,"La vie complexe et intense de Steve Jobs, cofondateur d’Apple, racontée par Walter Isaacson.",Biographie
Marie Curie : Une vie,"Une biographie passionnante de la scientifique Marie Curie, première femme à recevoir un prix Nobel.",Biographie
"Malala : Moi, Malala","L’histoire inspirante de Malala, militante pakistanaise pour l’éducation des filles, survivante d’un attentat.",Biographie
Devenir,Michelle Obama partage son parcours de fille de Chicago à Première dame des États-Unis.,Biographie
L’Homme qui voulait être heureux,"Un récit fictif inspirant d’un homme ordinaire en quête de sens à Bali, présenté comme une fable de sagesse.",Biographie
Gandhi : Autobiographie,"Gandhi évoque sa vie, ses engagements, sa philosophie de la non-violence et ses luttes en Inde.",Biographie
Churchill : Une vie,"Une biographie complète du légendaire Premier ministre britannique, homme de guerre et d’esprit.",Biographie
Une vie,"Simone Veil retrace sa vie marquée par la déportation, la politique et la lutte pour les droits des femmes.",Biographie
Nelson Mandela : Un long chemin vers la liberté,Nelson Mandela raconte sa lutte contre l’apartheid et son chemin vers la présidence sud-africaine.,Biographie
Le journal d’Anne Frank,Le journal intime poignant d’une adolescente juive cachée durant l’occupation nazie.,Biographie
Steve Jobs,"La vie complexe et intense de Steve Jobs, cofondateur d’Apple, racontée par Walter Isaacson.",Biographie
Marie Curie : Une vie,"Une biographie passionnante de la scientifique Marie Curie, première femme à recevoir un prix Nobel.",Biographie
"Malala : Moi, Malala","L’histoire inspirante de Malala, militante pakistanaise pour l’éducation des filles, survivante d’un attentat.",Biographie
Devenir,Michelle Obama partage son parcours de fille de Chicago à Première dame des États-Unis.,Biographie
L’Homme qui voulait être heureux,"Un récit fictif inspirant d’un homme ordinaire en quête de sens à Bali, présenté comme une fable de sagesse.",Biographie
Gandhi : Autobiographie,"Gandhi évoque sa vie, ses engagements, sa philosophie de la non-violence et ses luttes en Inde.",Biographie
Churchill : Une vie,"Une biographie complète du légendaire Premier ministre britannique, homme de guerre et d’esprit.",Biographie
Une vie,"Simone Veil retrace sa vie marquée par la déportation, la politique et la lutte pour les droits des femmes.",Biographie
Nelson Mandela : Un long chemin vers la liberté,Nelson Mandela raconte sa lutte contre l’apartheid et son chemin vers la présidence sud-africaine.,Biographie
Le journal d’Anne Frank,Le journal intime poignant d’une adolescente juive cachée durant l’occupation nazie.,Biographie
Steve Jobs,"La vie complexe et intense de Steve Jobs, cofondateur d’Apple, racontée par Walter Isaacson.",Biographie
Marie Curie : Une vie,"Une biographie passionnante de la scientifique Marie Curie, première femme à recevoir un prix Nobel.",Biographie
"Malala : Moi, Malala","L’histoire inspirante de Malala, militante pakistanaise pour l’éducation des filles, survivante d’un attentat.",Biographie
Devenir,Michelle Obama partage son parcours de fille de Chicago à Première dame des États-Unis.,Biographie
L’Homme qui voulait être heureux,"Un récit fictif inspirant d’un homme ordinaire en quête de sens à Bali, présenté comme une fable de sagesse.",Biographie
Gandhi : Autobiographie,"Gandhi évoque sa vie, ses engagements, sa philosophie de la non-violence et ses luttes en Inde.",Biographie
Churchill : Une vie,"Une biographie complète du légendaire Premier ministre britannique, homme de guerre et d’esprit.",Biographie
Une vie,"Simone Veil retrace sa vie marquée par la déportation, la politique et la lutte pour les droits des femmes.",Biographie
Nelson Mandela : Un long chemin vers la liberté,Nelson Mandela raconte sa lutte contre l’apartheid et son chemin vers la présidence sud-africaine.,Biographie
Le journal d’Anne Frank,Le journal intime poignant d’une adolescente juive cachée durant l’occupation nazie.,Biographie
Steve Jobs,"La vie complexe et intense de Steve Jobs, cofondateur d’Apple, racontée par Walter Isaacson.",Biographie
Marie Curie : Une vie,"Une biographie passionnante de la scientifique Marie Curie, première femme à recevoir un prix Nobel.",Biographie
"Malala : Moi, Malala","L’histoire inspirante de Malala, militante pakistanaise pour l’éducation des filles, survivante d’un attentat.",Biographie
Devenir,Michelle Obama partage son parcours de fille de Chicago à Première dame des États-Unis.,Biographie
L’Homme qui voulait être heureux,"Un récit fictif inspirant d’un homme ordinaire en quête de sens à Bali, présenté comme une fable de sagesse.",Biographie
Gandhi : Autobiographie,"Gandhi évoque sa vie, ses engagements, sa philosophie de la non-violence et ses luttes en Inde.",Biographie
Churchill : Une vie,"Une biographie complète du légendaire Premier ministre britannique, homme de guerre et d’esprit.",Biographie
Une vie,"Simone Veil retrace sa vie marquée par la déportation, la politique et la lutte pour les droits des femmes.",Biographie
Nelson Mandela : Un long chemin vers la liberté,Nelson Mandela raconte sa lutte contre l’apartheid et son chemin vers la présidence sud-africaine.,Biographie
Le journal d’Anne Frank,Le journal intime poignant d’une adolescente juive cachée durant l’occupation nazie.,Biographie
Steve Jobs,"La vie complexe et intense de Steve Jobs, cofondateur d’Apple, racontée par Walter Isaacson.",Biographie
Marie Curie : Une vie,"Une biographie passionnante de la scientifique Marie Curie, première femme à recevoir un prix Nobel.",Biographie
"Malala : Moi, Malala","L’histoire inspirante de Malala, militante pakistanaise pour l’éducation des filles, survivante d’un attentat.",Biographie
Devenir,Michelle Obama partage son parcours de fille de Chicago à Première dame des États-Unis.,Biographie
L’Homme qui voulait être heureux,"Un récit fictif inspirant d’un homme ordinaire en quête de sens à Bali, présenté comme une fable de sagesse.",Biographie
Gandhi : Autobiographie,"Gandhi évoque sa vie, ses engagements, sa philosophie de la non-violence et ses luttes en Inde.",Biographie
Churchill : Une vie,"Une biographie complète du légendaire Premier ministre britannique, homme de guerre et d’esprit.",Biographie
Une vie,"Simone Veil retrace sa vie marquée par la déportation, la politique et la lutte pour les droits des femmes.",Biographie
Nelson Mandela : Un long chemin vers la liberté,Nelson Mandela raconte sa lutte contre l’apartheid et son chemin vers la présidence sud-africaine.,Biographie
Le journal d’Anne Frank,Le journal intime poignant d’une adolescente juive cachée durant l’occupation nazie.,Biographie
Steve Jobs,"La vie complexe et intense de Steve Jobs, cofondateur d’Apple, racontée par Walter Isaacson.",Biographie
Marie Curie : Une vie,"Une biographie passionnante de la scientifique Marie Curie, première femme à recevoir un prix Nobel.",Biographie
"Malala : Moi, Malala","L’histoire inspirante de Malala, militante pakistanaise pour l’éducation des filles, survivante d’un attentat.",Biographie
Devenir,Michelle Obama partage son parcours de fille de Chicago à Première dame des États-Unis.,Biographie
L’Homme qui voulait être heureux,"Un récit fictif inspirant d’un homme ordinaire en quête de sens à Bali, présenté comme une fable de sagesse.",Biographie
Gandhi : Autobiographie,"Gandhi évoque sa vie, ses engagements, sa philosophie de la non-violence et ses luttes en Inde.",Biographie
Churchill : Une vie,"Une biographie complète du légendaire Premier ministre britannique, homme de guerre et d’esprit.",Biographie
Une vie,"Simone Veil retrace sa vie marquée par la déportation, la politique et la lutte pour les droits des femmes.",Biographie
Nelson Mandela : Un long chemin vers la liberté,Nelson Mandela raconte sa lutte contre l’apartheid et son chemin vers la présidence sud-africaine.,Biographie
Le journal d’Anne Frank,Le journal intime poignant d’une adolescente juive cachée durant l’occupation nazie.,Biographie
Steve Jobs,"La vie complexe et intense de Steve Jobs, cofondateur d’Apple, racontée par Walter Isaacson.",Biographie
Marie Curie : Une vie,"Une biographie passionnante de la scientifique Marie Curie, première femme à recevoir un prix Nobel.",Biographie
"Malala : Moi, Malala","L’histoire inspirante de Malala, militante pakistanaise pour l’éducation des filles, survivante d’un attentat.",Biographie
Devenir,Michelle Obama partage son parcours de fille de Chicago à Première dame des États-Unis.,Biographie
L’Homme qui voulait être heureux,"Un récit fictif inspirant d’un homme ordinaire en quête de sens à Bali, présenté comme une fable de sagesse.",Biographie
Gandhi : Autobiographie,"Gandhi évoque sa vie, ses engagements, sa philosophie de la non-violence et ses luttes en Inde.",Biographie
Churchill : Une vie,"Une biographie complète du légendaire Premier ministre britannique, homme de guerre et d’esprit.",Biographie
Une vie,"Simone Veil retrace sa vie marquée par la déportation, la politique et la lutte pour les droits des femmes.",Biographie
Nelson Mandela : Un long chemin vers la liberté,Nelson Mandela raconte sa lutte contre l’apartheid et son chemin vers la présidence sud-africaine.,Biographie
Le journal d’Anne Frank,Le journal intime poignant d’une adolescente juive cachée durant l’occupation nazie.,Biographie
Steve Jobs,"La vie complexe et intense de Steve Jobs, cofondateur d’Apple, racontée par Walter Isaacson.",Biographie
Marie Curie : Une vie,"Une biographie passionnante de la scientifique Marie Curie, première femme à recevoir un prix Nobel.",Biographie
"Malala : Moi, Malala","L’histoire inspirante de Malala, militante pakistanaise pour l’éducation des filles, survivante d’un attentat.",Biographie
Devenir,Michelle Obama partage son parcours de fille de Chicago à Première dame des États-Unis.,Biographie
L’Homme qui voulait être heureux,"Un récit fictif inspirant d’un homme ordinaire en quête de sens à Bali, présenté comme une fable de sagesse.",Biographie
Gandhi : Autobiographie,"Gandhi évoque sa vie, ses engagements, sa philosophie de la non-violence et ses luttes en Inde.",Biographie
Churchill : Une vie,"Une biographie complète du légendaire Premier ministre britannique, homme de guerre et d’esprit.",Biographie
Une vie,"Simone Veil retrace sa vie marquée par la déportation, la politique et la lutte pour les droits des femmes.",Biographie
Nelson Mandela : Un long chemin vers la liberté,Nelson Mandela raconte sa lutte contre l’apartheid et son chemin vers la présidence sud-africaine.,Biographie
Le journal d’Anne Frank,Le journal intime poignant d’une adolescente juive cachée durant l’occupation nazie.,Biographie
Steve Jobs,"La vie complexe et intense de Steve Jobs, cofondateur d’Apple, racontée par Walter Isaacson.",Biographie
Marie Curie : Une vie,"Une biographie passionnante de la scientifique Marie Curie, première femme à recevoir un prix Nobel.",Biographie
"Malala : Moi, Malala","L’histoire inspirante de Malala, militante pakistanaise pour l’éducation des filles, survivante d’un attentat.",Biographie
Devenir,Michelle Obama partage son parcours de fille de Chicago à Première dame des États-Unis.,Biographie
L’Homme qui voulait être heureux,"Un récit fictif inspirant d’un homme ordinaire en quête de sens à Bali, présenté comme une fable de sagesse.",Biographie
Gandhi : Autobiographie,"Gandhi évoque sa vie, ses engagements, sa philosophie de la non-violence et ses luttes en Inde.",Biographie
Churchill : Une vie,"Une biographie complète du légendaire Premier ministre britannique, homme de guerre et d’esprit.",Biographie
Sapiens : Une brève histoire de l’humanité,"Yuval Noah Harari retrace l’évolution de l’humanité, de l’âge de pierre à l’ère numérique.",Histoire
"Guns, Germs and Steel",Jared Diamond explique comment la géographie et la biologie ont façonné l’histoire du monde.,Histoire
L’Histoire de France pour les Nuls,"Une introduction simple et vivante à l’histoire de France, de la Gaule à nos jours.",Histoire
La Seconde Guerre mondiale,Un récit détaillé et illustré des événements majeurs de la Seconde Guerre mondiale.,Histoire
Homo Deus : Une brève histoire de l’avenir,Harari imagine le futur de l’humanité en s’appuyant sur l’évolution technologique et sociale.,Histoire
L’histoire du XXe siècle,Une synthèse pédagogique des grands événements du XXe siècle dans le monde entier.,Histoire
La Révolution française,"Un récit vivant des causes, événements et conséquences de la Révolution française.",Histoire
Mémoires de guerre,Charles de Gaulle relate ses expériences et ses décisions pendant la guerre et la libération.,Histoire
Le Moyen Âge,"Un panorama des institutions, modes de vie et événements du Moyen Âge européen.",Histoire
L’Empire romain,"Une exploration des origines, de la grandeur et de la chute de l’Empire romain.",Histoire
Sapiens : Une brève histoire de l’humanité,"Yuval Noah Harari retrace l’évolution de l’humanité, de l’âge de pierre à l’ère numérique.",Histoire
"Guns, Germs and Steel",Jared Diamond explique comment la géographie et la biologie ont façonné l’histoire du monde.,Histoire
L’Histoire de France pour les Nuls,"Une introduction simple et vivante à l’histoire de France, de la Gaule à nos jours.",Histoire
La Seconde Guerre mondiale,Un récit détaillé et illustré des événements majeurs de la Seconde Guerre mondiale.,Histoire
Homo Deus : Une brève histoire de l’avenir,Harari imagine le futur de l’humanité en s’appuyant sur l’évolution technologique et sociale.,Histoire
L’histoire du XXe siècle,Une synthèse pédagogique des grands événements du XXe siècle dans le monde entier.,Histoire
La Révolution française,"Un récit vivant des causes, événements et conséquences de la Révolution française.",Histoire
Mémoires de guerre,Charles de Gaulle relate ses expériences et ses décisions pendant la guerre et la libération.,Histoire
Le Moyen Âge,"Un panorama des institutions, modes de vie et événements du Moyen Âge européen.",Histoire
L’Empire romain,"Une exploration des origines, de la grandeur et de la chute de l’Empire romain.",Histoire
Sapiens : Une brève histoire de l’humanité,"Yuval Noah Harari retrace l’évolution de l’humanité, de l’âge de pierre à l’ère numérique.",Histoire
"Guns, Germs and Steel",Jared Diamond explique comment la géographie et la biologie ont façonné l’histoire du monde.,Histoire
L’Histoire de France pour les Nuls,"Une introduction simple et vivante à l’histoire de France, de la Gaule à nos jours.",Histoire
La Seconde Guerre mondiale,Un récit détaillé et illustré des événements majeurs de la Seconde Guerre mondiale.,Histoire
Homo Deus : Une brève histoire de l’avenir,Harari imagine le futur de l’humanité en s’appuyant sur l’évolution technologique et sociale.,Histoire
L’histoire du XXe siècle,Une synthèse pédagogique des grands événements du XXe siècle dans le monde entier.,Histoire
La Révolution française,"Un récit vivant des causes, événements et conséquences de la Révolution française.",Histoire
Mémoires de guerre,Charles de Gaulle relate ses expériences et ses décisions pendant la guerre et la libération.,Histoire
Le Moyen Âge,"Un panorama des institutions, modes de vie et événements du Moyen Âge européen.",Histoire
L’Empire romain,"Une exploration des origines, de la grandeur et de la chute de l’Empire romain.",Histoire
Sapiens : Une brève histoire de l’humanité,"Yuval Noah Harari retrace l’évolution de l’humanité, de l’âge de pierre à l’ère numérique.",Histoire
"Guns, Germs and Steel",Jared Diamond explique comment la géographie et la biologie ont façonné l’histoire du monde.,Histoire
L’Histoire de France pour les Nuls,"Une introduction simple et vivante à l’histoire de France, de la Gaule à nos jours.",Histoire
La Seconde Guerre mondiale,Un récit détaillé et illustré des événements majeurs de la Seconde Guerre mondiale.,Histoire
Homo Deus : Une brève histoire de l’avenir,Harari imagine le futur de l’humanité en s’appuyant sur l’évolution technologique et sociale.,Histoire
L’histoire du XXe siècle,Une synthèse pédagogique des grands événements du XXe siècle dans le monde entier.,Histoire
La Révolution française,"Un récit vivant des causes, événements et conséquences de la Révolution française.",Histoire
Mémoires de guerre,Charles de Gaulle relate ses expériences et ses décisions pendant la guerre et la libération.,Histoire
Le Moyen Âge,"Un panorama des institutions, modes de vie et événements du Moyen Âge européen.",Histoire
L’Empire romain,"Une exploration des origines, de la grandeur et de la chute de l’Empire romain.",Histoire
Sapiens : Une brève histoire de l’humanité,"Yuval Noah Harari retrace l’évolution de l’humanité, de l’âge de pierre à l’ère numérique.",Histoire
"Guns, Germs and Steel",Jared Diamond explique comment la géographie et la biologie ont façonné l’histoire du monde.,Histoire
L’Histoire de France pour les Nuls,"Une introduction simple et vivante à l’histoire de France, de la Gaule à nos jours.",Histoire
La Seconde Guerre mondiale,Un récit détaillé et illustré des événements majeurs de la Seconde Guerre mondiale.,Histoire
Homo Deus : Une brève histoire de l’avenir,Harari imagine le futur de l’humanité en s’appuyant sur l’évolution technologique et sociale.,Histoire
L’histoire du XXe siècle,Une synthèse pédagogique des grands événements du XXe siècle dans le monde entier.,Histoire
La Révolution française,"Un récit vivant des causes, événements et conséquences de la Révolution française.",Histoire
Mémoires de guerre,Charles de Gaulle relate ses expériences et ses décisions pendant la guerre et la libération.,Histoire
Le Moyen Âge,"Un panorama des institutions, modes de vie et événements du Moyen Âge européen.",Histoire
L’Empire romain,"Une exploration des origines, de la grandeur et de la chute de l’Empire romain.",Histoire
Sapiens : Une brève histoire de l’humanité,"Yuval Noah Harari retrace l’évolution de l’humanité, de l’âge de pierre à l’ère numérique.",Histoire
"Guns, Germs and Steel",Jared Diamond explique comment la géographie et la biologie ont façonné l’histoire du monde.,Histoire
L’Histoire de France pour les Nuls,"Une introduction simple et vivante à l’histoire de France, de la Gaule à nos jours.",Histoire
La Seconde Guerre mondiale,Un récit détaillé et illustré des événements majeurs de la Seconde Guerre mondiale.,Histoire
Homo Deus : Une brève histoire de l’avenir,Harari imagine le futur de l’humanité en s’appuyant sur l’évolution technologique et sociale.,Histoire
L’histoire du XXe siècle,Une synthèse pédagogique des grands événements du XXe siècle dans le monde entier.,Histoire
La Révolution française,"Un récit vivant des causes, événements et conséquences de la Révolution française.",Histoire
Mémoires de guerre,Charles de Gaulle relate ses expériences et ses décisions pendant la guerre et la libération.,Histoire
Le Moyen Âge,"Un panorama des institutions, modes de vie et événements du Moyen Âge européen.",Histoire
L’Empire romain,"Une exploration des origines, de la grandeur et de la chute de l’Empire romain.",Histoire
Sapiens : Une brève histoire de l’humanité,"Yuval Noah Harari retrace l’évolution de l’humanité, de l’âge de pierre à l’ère numérique.",Histoire
"Guns, Germs and Steel",Jared Diamond explique comment la géographie et la biologie ont façonné l’histoire du monde.,Histoire
L’Histoire de France pour les Nuls,"Une introduction simple et vivante à l’histoire de France, de la Gaule à nos jours.",Histoire
La Seconde Guerre mondiale,Un récit détaillé et illustré des événements majeurs de la Seconde Guerre mondiale.,Histoire
Homo Deus : Une brève histoire de l’avenir,Harari imagine le futur de l’humanité en s’appuyant sur l’évolution technologique et sociale.,Histoire
L’histoire du XXe siècle,Une synthèse pédagogique des grands événements du XXe siècle dans le monde entier.,Histoire
La Révolution française,"Un récit vivant des causes, événements et conséquences de la Révolution française.",Histoire
Mémoires de guerre,Charles de Gaulle relate ses expériences et ses décisions pendant la guerre et la libération.,Histoire
Le Moyen Âge,"Un panorama des institutions, modes de vie et événements du Moyen Âge européen.",Histoire
L’Empire romain,"Une exploration des origines, de la grandeur et de la chute de l’Empire romain.",Histoire
Sapiens : Une brève histoire de l’humanité,"Yuval Noah Harari retrace l’évolution de l’humanité, de l’âge de pierre à l’ère numérique.",Histoire
"Guns, Germs and Steel",Jared Diamond explique comment la géographie et la biologie ont façonné l’histoire du monde.,Histoire
L’Histoire de France pour les Nuls,"Une introduction simple et vivante à l’histoire de France, de la Gaule à nos jours.",Histoire
La Seconde Guerre mondiale,Un récit détaillé et illustré des événements majeurs de la Seconde Guerre mondiale.,Histoire
Homo Deus : Une brève histoire de l’avenir,Harari imagine le futur de l’humanité en s’appuyant sur l’évolution technologique et sociale.,Histoire
L’histoire du XXe siècle,Une synthèse pédagogique des grands événements du XXe siècle dans le monde entier.,Histoire
La Révolution française,"Un récit vivant des causes, événements et conséquences de la Révolution française.",Histoire
Mémoires de guerre,Charles de Gaulle relate ses expériences et ses décisions pendant la guerre et la libération.,Histoire
Le Moyen Âge,"Un panorama des institutions, modes de vie et événements du Moyen Âge européen.",Histoire
L’Empire romain,"Une exploration des origines, de la grandeur et de la chute de l’Empire romain.",Histoire
Sapiens : Une brève histoire de l’humanité,"Yuval Noah Harari retrace l’évolution de l’humanité, de l’âge de pierre à l’ère numérique.",Histoire
"Guns, Germs and Steel",Jared Diamond explique comment la géographie et la biologie ont façonné l’histoire du monde.,Histoire
L’Histoire de France pour les Nuls,"Une introduction simple et vivante à l’histoire de France, de la Gaule à nos jours.",Histoire
La Seconde Guerre mondiale,Un récit détaillé et illustré des événements majeurs de la Seconde Guerre mondiale.,Histoire
Homo Deus : Une brève histoire de l’avenir,Harari imagine le futur de l’humanité en s’appuyant sur l’évolution technologique et sociale.,Histoire
L’histoire du XXe siècle,Une synthèse pédagogique des grands événements du XXe siècle dans le monde entier.,Histoire
La Révolution française,"Un récit vivant des causes, événements et conséquences de la Révolution française.",Histoire
Mémoires de guerre,Charles de Gaulle relate ses expériences et ses décisions pendant la guerre et la libération.,Histoire
Le Moyen Âge,"Un panorama des institutions, modes de vie et événements du Moyen Âge européen.",Histoire
L’Empire romain,"Une exploration des origines, de la grandeur et de la chute de l’Empire romain.",Histoire
Sapiens : Une brève histoire de l’humanité,"Yuval Noah Harari retrace l’évolution de l’humanité, de l’âge de pierre à l’ère numérique.",Histoire
"Guns, Germs and Steel",Jared Diamond explique comment la géographie et la biologie ont façonné l’histoire du monde.,Histoire
L’Histoire de France pour les Nuls,"Une introduction simple et vivante à l’histoire de France, de la Gaule à nos jours.",Histoire
La Seconde Guerre mondiale,Un récit détaillé et illustré des événements majeurs de la Seconde Guerre mondiale.,Histoire
Homo Deus : Une brève histoire de l’avenir,Harari imagine le futur de l’humanité en s’appuyant sur l’évolution technologique et sociale.,Histoire
L’histoire du XXe siècle,Une synthèse pédagogique des grands événements du XXe siècle dans le monde entier.,Histoire
La Révolution française,"Un récit vivant des causes, événements et conséquences de la Révolution française.",Histoire
Mémoires de guerre,Charles de Gaulle relate ses expériences et ses décisions pendant la guerre et la libération.,Histoire
Le Moyen Âge,"Un panorama des institutions, modes de vie et événements du Moyen Âge européen.",Histoire
L’Empire romain,"Une exploration des origines, de la grandeur et de la chute de l’Empire romain.",Histoire
Le monde de Sophie,Un roman initiatique qui retrace l’histoire de la philosophie à travers les yeux d’une adolescente.,Philosophie
Ainsi parlait Zarathoustra,"Nietzsche expose ses idées sur le surhomme, la volonté de puissance et le retour éternel.",Philosophie
Discours de la méthode,Descartes présente les fondements de la pensée moderne et du doute méthodique.,Philosophie
Critique de la raison pure,Kant explore les limites et les possibilités de la connaissance humaine.,Philosophie
L’Être et le Néant,Sartre développe la philosophie existentialiste à travers une analyse de la conscience.,Philosophie
Le Banquet,Platon met en scène un dialogue sur l’amour entre Socrate et plusieurs convives.,Philosophie
Éthique à Nicomaque,"Aristote expose ses idées sur l’éthique, la vertu et le bonheur.",Philosophie
Le Prince,Machiavel propose une analyse réaliste du pouvoir et des stratégies politiques.,Philosophie
Traité de la nature humaine,"David Hume étudie la nature des idées, des perceptions et des croyances humaines.",Philosophie
La République,Platon imagine une cité idéale gouvernée par des philosophes-rois.,Philosophie
Le monde de Sophie,Un roman initiatique qui retrace l’histoire de la philosophie à travers les yeux d’une adolescente.,Philosophie
Ainsi parlait Zarathoustra,"Nietzsche expose ses idées sur le surhomme, la volonté de puissance et le retour éternel.",Philosophie
Discours de la méthode,Descartes présente les fondements de la pensée moderne et du doute méthodique.,Philosophie
Critique de la raison pure,Kant explore les limites et les possibilités de la connaissance humaine.,Philosophie
L’Être et le Néant,Sartre développe la philosophie existentialiste à travers une analyse de la conscience.,Philosophie
Le Banquet,Platon met en scène un dialogue sur l’amour entre Socrate et plusieurs convives.,Philosophie
Éthique à Nicomaque,"Aristote expose ses idées sur l’éthique, la vertu et le bonheur.",Philosophie
Le Prince,Machiavel propose une analyse réaliste du pouvoir et des stratégies politiques.,Philosophie
Traité de la nature humaine,"David Hume étudie la nature des idées, des perceptions et des croyances humaines.",Philosophie
La République,Platon imagine une cité idéale gouvernée par des philosophes-rois.,Philosophie
Le monde de Sophie,Un roman initiatique qui retrace l’histoire de la philosophie à travers les yeux d’une adolescente.,Philosophie
Ainsi parlait Zarathoustra,"Nietzsche expose ses idées sur le surhomme, la volonté de puissance et le retour éternel.",Philosophie
Discours de la méthode,Descartes présente les fondements de la pensée moderne et du doute méthodique.,Philosophie
Critique de la raison pure,Kant explore les limites et les possibilités de la connaissance humaine.,Philosophie
L’Être et le Néant,Sartre développe la philosophie existentialiste à travers une analyse de la conscience.,Philosophie
Le Banquet,Platon met en scène un dialogue sur l’amour entre Socrate et plusieurs convives.,Philosophie
Éthique à Nicomaque,"Aristote expose ses idées sur l’éthique, la vertu et le bonheur.",Philosophie
Le Prince,Machiavel propose une analyse réaliste du pouvoir et des stratégies politiques.,Philosophie
Traité de la nature humaine,"David Hume étudie la nature des idées, des perceptions et des croyances humaines.",Philosophie
La République,Platon imagine une cité idéale gouvernée par des philosophes-rois.,Philosophie
Le monde de Sophie,Un roman initiatique qui retrace l’histoire de la philosophie à travers les yeux d’une adolescente.,Philosophie
Ainsi parlait Zarathoustra,"Nietzsche expose ses idées sur le surhomme, la volonté de puissance et le retour éternel.",Philosophie
Discours de la méthode,Descartes présente les fondements de la pensée moderne et du doute méthodique.,Philosophie
Critique de la raison pure,Kant explore les limites et les possibilités de la connaissance humaine.,Philosophie
L’Être et le Néant,Sartre développe la philosophie existentialiste à travers une analyse de la conscience.,Philosophie
Le Banquet,Platon met en scène un dialogue sur l’amour entre Socrate et plusieurs convives.,Philosophie
Éthique à Nicomaque,"Aristote expose ses idées sur l’éthique, la vertu et le bonheur.",Philosophie
Le Prince,Machiavel propose une analyse réaliste du pouvoir et des stratégies politiques.,Philosophie
Traité de la nature humaine,"David Hume étudie la nature des idées, des perceptions et des croyances humaines.",Philosophie
La République,Platon imagine une cité idéale gouvernée par des philosophes-rois.,Philosophie
Le monde de Sophie,Un roman initiatique qui retrace l’histoire de la philosophie à travers les yeux d’une adolescente.,Philosophie
Ainsi parlait Zarathoustra,"Nietzsche expose ses idées sur le surhomme, la volonté de puissance et le retour éternel.",Philosophie
Discours de la méthode,Descartes présente les fondements de la pensée moderne et du doute méthodique.,Philosophie
Critique de la raison pure,Kant explore les limites et les possibilités de la connaissance humaine.,Philosophie
L’Être et le Néant,Sartre développe la philosophie existentialiste à travers une analyse de la conscience.,Philosophie
Le Banquet,Platon met en scène un dialogue sur l’amour entre Socrate et plusieurs convives.,Philosophie
Éthique à Nicomaque,"Aristote expose ses idées sur l’éthique, la vertu et le bonheur.",Philosophie
Le Prince,Machiavel propose une analyse réaliste du pouvoir et des stratégies politiques.,Philosophie
Traité de la nature humaine,"David Hume étudie la nature des idées, des perceptions et des croyances humaines.",Philosophie
La République,Platon imagine une cité idéale gouvernée par des philosophes-rois.,Philosophie
Le monde de Sophie,Un roman initiatique qui retrace l’histoire de la philosophie à travers les yeux d’une adolescente.,Philosophie
Ainsi parlait Zarathoustra,"Nietzsche expose ses idées sur le surhomme, la volonté de puissance et le retour éternel.",Philosophie
Discours de la méthode,Descartes présente les fondements de la pensée moderne et du doute méthodique.,Philosophie
Critique de la raison pure,Kant explore les limites et les possibilités de la connaissance humaine.,Philosophie
L’Être et le Néant,Sartre développe la philosophie existentialiste à travers une analyse de la conscience.,Philosophie
Le Banquet,Platon met en scène un dialogue sur l’amour entre Socrate et plusieurs convives.,Philosophie
Éthique à Nicomaque,"Aristote expose ses idées sur l’éthique, la vertu et le bonheur.",Philosophie
Le Prince,Machiavel propose une analyse réaliste du pouvoir et des stratégies politiques.,Philosophie
Traité de la nature humaine,"David Hume étudie la nature des idées, des perceptions et des croyances humaines.",Philosophie
La République,Platon imagine une cité idéale gouvernée par des philosophes-rois.,Philosophie
Le monde de Sophie,Un roman initiatique qui retrace l’histoire de la philosophie à travers les yeux d’une adolescente.,Philosophie
Ainsi parlait Zarathoustra,"Nietzsche expose ses idées sur le surhomme, la volonté de puissance et le retour éternel.",Philosophie
Discours de la méthode,Descartes présente les fondements de la pensée moderne et du doute méthodique.,Philosophie
Critique de la raison pure,Kant explore les limites et les possibilités de la connaissance humaine.,Philosophie
L’Être et le Néant,Sartre développe la philosophie existentialiste à travers une analyse de la conscience.,Philosophie
Le Banquet,Platon met en scène un dialogue sur l’amour entre Socrate et plusieurs convives.,Philosophie
Éthique à Nicomaque,"Aristote expose ses idées sur l’éthique, la vertu et le bonheur.",Philosophie
Le Prince,Machiavel propose une analyse réaliste du pouvoir et des stratégies politiques.,Philosophie
Traité de la nature humaine,"David Hume étudie la nature des idées, des perceptions et des croyances humaines.",Philosophie
La République,Platon imagine une cité idéale gouvernée par des philosophes-rois.,Philosophie
Le monde de Sophie,Un roman initiatique qui retrace l’histoire de la philosophie à travers les yeux d’une adolescente.,Philosophie
Ainsi parlait Zarathoustra,"Nietzsche expose ses idées sur le surhomme, la volonté de puissance et le retour éternel.",Philosophie
Discours de la méthode,Descartes présente les fondements de la pensée moderne et du doute méthodique.,Philosophie
Critique de la raison pure,Kant explore les limites et les possibilités de la connaissance humaine.,Philosophie
L’Être et le Néant,Sartre développe la philosophie existentialiste à travers une analyse de la conscience.,Philosophie
Le Banquet,Platon met en scène un dialogue sur l’amour entre Socrate et plusieurs convives.,Philosophie
Éthique à Nicomaque,"Aristote expose ses idées sur l’éthique, la vertu et le bonheur.",Philosophie
Le Prince,Machiavel propose une analyse réaliste du pouvoir et des stratégies politiques.,Philosophie
Traité de la nature humaine,"David Hume étudie la nature des idées, des perceptions et des croyances humaines.",Philosophie
La République,Platon imagine une cité idéale gouvernée par des philosophes-rois.,Philosophie
Le monde de Sophie,Un roman initiatique qui retrace l’histoire de la philosophie à travers les yeux d’une adolescente.,Philosophie
Ainsi parlait Zarathoustra,"Nietzsche expose ses idées sur le surhomme, la volonté de puissance et le retour éternel.",Philosophie
Discours de la méthode,Descartes présente les fondements de la pensée moderne et du doute méthodique.,Philosophie
Critique de la raison pure,Kant explore les limites et les possibilités de la connaissance humaine.,Philosophie
L’Être et le Néant,Sartre développe la philosophie existentialiste à travers une analyse de la conscience.,Philosophie
Le Banquet,Platon met en scène un dialogue sur l’amour entre Socrate et plusieurs convives.,Philosophie
Éthique à Nicomaque,"Aristote expose ses idées sur l’éthique, la vertu et le bonheur.",Philosophie
Le Prince,Machiavel propose une analyse réaliste du pouvoir et des stratégies politiques.,Philosophie
Traité de la nature humaine,"David Hume étudie la nature des idées, des perceptions et des croyances humaines.",Philosophie
La République,Platon imagine une cité idéale gouvernée par des philosophes-rois.,Philosophie
Le monde de Sophie,Un roman initiatique qui retrace l’histoire de la philosophie à travers les yeux d’une adolescente.,Philosophie
Ainsi parlait Zarathoustra,"Nietzsche expose ses idées sur le surhomme, la volonté de puissance et le retour éternel.",Philosophie
Discours de la méthode,Descartes présente les fondements de la pensée moderne et du doute méthodique.,Philosophie
Critique de la raison pure,Kant explore les limites et les possibilités de la connaissance humaine.,Philosophie
L’Être et le Néant,Sartre développe la philosophie existentialiste à travers une analyse de la conscience.,Philosophie
Le Banquet,Platon met en scène un dialogue sur l’amour entre Socrate et plusieurs convives.,Philosophie
Éthique à Nicomaque,"Aristote expose ses idées sur l’éthique, la vertu et le bonheur.",Philosophie
Le Prince,Machiavel propose une analyse réaliste du pouvoir et des stratégies politiques.,Philosophie
Traité de la nature humaine,"David Hume étudie la nature des idées, des perceptions et des croyances humaines.",Philosophie
La République,Platon imagine une cité idéale gouvernée par des philosophes-rois.,Philosophie
Les 7 habitudes de ceux qui réalisent tout ce qu'ils entreprennent,Stephen Covey présente 7 principes fondamentaux pour améliorer sa vie personnelle et professionnelle.,Développement personnel
Pouvoir illimité,Tony Robbins propose des techniques pour développer ses ressources personnelles et atteindre ses objectifs.,Développement personnel
Le Pouvoir du moment présent,Eckhart Tolle enseigne comment vivre pleinement l’instant présent pour accéder à la paix intérieure.,Développement personnel
Réfléchissez et devenez riche,Napoleon Hill expose les secrets de réussite des grands hommes d’affaires à travers la pensée positive.,Développement personnel
Les Quatre Accords Toltèques,Don Miguel Ruiz livre 4 principes simples pour transformer sa vie et atteindre la liberté personnelle.,Développement personnel
Ta deuxième vie commence quand tu comprends que tu n'en as qu'une,Un roman de développement personnel sur la quête de sens et la redécouverte de soi.,Développement personnel
Miracle Morning,Hal Elrod présente une routine matinale qui change la vie en 6 étapes simples.,Développement personnel
L’Alchimiste,Un jeune berger part à la recherche de sa Légende personnelle et découvre la sagesse du monde.,Développement personnel
Comment se faire des amis,Dale Carnegie offre des conseils pratiques pour améliorer ses relations et influencer positivement les autres.,Développement personnel
L’art subtil de s’en foutre,Mark Manson propose une approche honnête et libératrice de la vie et du bonheur.,Développement personnel
Les 7 habitudes de ceux qui réalisent tout ce qu'ils entreprennent,Stephen Covey présente 7 principes fondamentaux pour améliorer sa vie personnelle et professionnelle.,Développement personnel
Pouvoir illimité,Tony Robbins propose des techniques pour développer ses ressources personnelles et atteindre ses objectifs.,Développement personnel
Le Pouvoir du moment présent,Eckhart Tolle enseigne comment vivre pleinement l’instant présent pour accéder à la paix intérieure.,Développement personnel
Réfléchissez et devenez riche,Napoleon Hill expose les secrets de réussite des grands hommes d’affaires à travers la pensée positive.,Développement personnel
Les Quatre Accords Toltèques,Don Miguel Ruiz livre 4 principes simples pour transformer sa vie et atteindre la liberté personnelle.,Développement personnel
Ta deuxième vie commence quand tu comprends que tu n'en as qu'une,Un roman de développement personnel sur la quête de sens et la redécouverte de soi.,Développement personnel
Miracle Morning,Hal Elrod présente une routine matinale qui change la vie en 6 étapes simples.,Développement personnel
L’Alchimiste,Un jeune berger part à la recherche de sa Légende personnelle et découvre la sagesse du monde.,Développement personnel
Comment se faire des amis,Dale Carnegie offre des conseils pratiques pour améliorer ses relations et influencer positivement les autres.,Développement personnel
L’art subtil de s’en foutre,Mark Manson propose une approche honnête et libératrice de la vie et du bonheur.,Développement personnel
Les 7 habitudes de ceux qui réalisent tout ce qu'ils entreprennent,Stephen Covey présente 7 principes fondamentaux pour améliorer sa vie personnelle et professionnelle.,Développement personnel
Pouvoir illimité,Tony Robbins propose des techniques pour développer ses ressources personnelles et atteindre ses objectifs.,Développement personnel
Le Pouvoir du moment présent,Eckhart Tolle enseigne comment vivre pleinement l’instant présent pour accéder à la paix intérieure.,Développement personnel
Réfléchissez et devenez riche,Napoleon Hill expose les secrets de réussite des grands hommes d’affaires à travers la pensée positive.,Développement personnel
Les Quatre Accords Toltèques,Don Miguel Ruiz livre 4 principes simples pour transformer sa vie et atteindre la liberté personnelle.,Développement personnel
Ta deuxième vie commence quand tu comprends que tu n'en as qu'une,Un roman de développement personnel sur la quête de sens et la redécouverte de soi.,Développement personnel
Miracle Morning,Hal Elrod présente une routine matinale qui change la vie en 6 étapes simples.,Développement personnel
L’Alchimiste,Un jeune berger part à la recherche de sa Légende personnelle et découvre la sagesse du monde.,Développement personnel
Comment se faire des amis,Dale Carnegie offre des conseils pratiques pour améliorer ses relations et influencer positivement les autres.,Développement personnel
L’art subtil de s’en foutre,Mark Manson propose une approche honnête et libératrice de la vie et du bonheur.,Développement personnel
Les 7 habitudes de ceux qui réalisent tout ce qu'ils entreprennent,Stephen Covey présente 7 principes fondamentaux pour améliorer sa vie personnelle et professionnelle.,Développement personnel
Pouvoir illimité,Tony Robbins propose des techniques pour développer ses ressources personnelles et atteindre ses objectifs.,Développement personnel
Le Pouvoir du moment présent,Eckhart Tolle enseigne comment vivre pleinement l’instant présent pour accéder à la paix intérieure.,Développement personnel
Réfléchissez et devenez riche,Napoleon Hill expose les secrets de réussite des grands hommes d’affaires à travers la pensée positive.,Développement personnel
Les Quatre Accords Toltèques,Don Miguel Ruiz livre 4 principes simples pour transformer sa vie et atteindre la liberté personnelle.,Développement personnel
Ta deuxième vie commence quand tu comprends que tu n'en as qu'une,Un roman de développement personnel sur la quête de sens et la redécouverte de soi.,Développement personnel
Miracle Morning,Hal Elrod présente une routine matinale qui change la vie en 6 étapes simples.,Développement personnel
L’Alchimiste,Un jeune berger part à la recherche de sa Légende personnelle et découvre la sagesse du monde.,Développement personnel
Comment se faire des amis,Dale Carnegie offre des conseils pratiques pour améliorer ses relations et influencer positivement les autres.,Développement personnel
L’art subtil de s’en foutre,Mark Manson propose une approche honnête et libératrice de la vie et du bonheur.,Développement personnel
Les 7 habitudes de ceux qui réalisent tout ce qu'ils entreprennent,Stephen Covey présente 7 principes fondamentaux pour améliorer sa vie personnelle et professionnelle.,Développement personnel
Pouvoir illimité,Tony Robbins propose des techniques pour développer ses ressources personnelles et atteindre ses objectifs.,Développement personnel
Le Pouvoir du moment présent,Eckhart Tolle enseigne comment vivre pleinement l’instant présent pour accéder à la paix intérieure.,Développement personnel
Réfléchissez et devenez riche,Napoleon Hill expose les secrets de réussite des grands hommes d’affaires à travers la pensée positive.,Développement personnel
Les Quatre Accords Toltèques,Don Miguel Ruiz livre 4 principes simples pour transformer sa vie et atteindre la liberté personnelle.,Développement personnel
Ta deuxième vie commence quand tu comprends que tu n'en as qu'une,Un roman de développement personnel sur la quête de sens et la redécouverte de soi.,Développement personnel
Miracle Morning,Hal Elrod présente une routine matinale qui change la vie en 6 étapes simples.,Développement personnel
L’Alchimiste,Un jeune berger part à la recherche de sa Légende personnelle et découvre la sagesse du monde.,Développement personnel
Comment se faire des amis,Dale Carnegie offre des conseils pratiques pour améliorer ses relations et influencer positivement les autres.,Développement personnel
L’art subtil de s’en foutre,Mark Manson propose une approche honnête et libératrice de la vie et du bonheur.,Développement personnel
Les 7 habitudes de ceux qui réalisent tout ce qu'ils entreprennent,Stephen Covey présente 7 principes fondamentaux pour améliorer sa vie personnelle et professionnelle.,Développement personnel
Pouvoir illimité,Tony Robbins propose des techniques pour développer ses ressources personnelles et atteindre ses objectifs.,Développement personnel
Le Pouvoir du moment présent,Eckhart Tolle enseigne comment vivre pleinement l’instant présent pour accéder à la paix intérieure.,Développement personnel
Réfléchissez et devenez riche,Napoleon Hill expose les secrets de réussite des grands hommes d’affaires à travers la pensée positive.,Développement personnel
Les Quatre Accords Toltèques,Don Miguel Ruiz livre 4 principes simples pour transformer sa vie et atteindre la liberté personnelle.,Développement personnel
Ta deuxième vie commence quand tu comprends que tu n'en as qu'une,Un roman de développement personnel sur la quête de sens et la redécouverte de soi.,Développement personnel
Miracle Morning,Hal Elrod présente une routine matinale qui change la vie en 6 étapes simples.,Développement personnel
L’Alchimiste,Un jeune berger part à la recherche de sa Légende personnelle et découvre la sagesse du monde.,Développement personnel
Comment se faire des amis,Dale Carnegie offre des conseils pratiques pour améliorer ses relations et influencer positivement les autres.,Développement personnel
L’art subtil de s’en foutre,Mark Manson propose une approche honnête et libératrice de la vie et du bonheur.,Développement personnel
Les 7 habitudes de ceux qui réalisent tout ce qu'ils entreprennent,Stephen Covey présente 7 principes fondamentaux pour améliorer sa vie personnelle et professionnelle.,Développement personnel
Pouvoir illimité,Tony Robbins propose des techniques pour développer ses ressources personnelles et atteindre ses objectifs.,Développement personnel
Le Pouvoir du moment présent,Eckhart Tolle enseigne comment vivre pleinement l’instant présent pour accéder à la paix intérieure.,Développement personnel
Réfléchissez et devenez riche,Napoleon Hill expose les secrets de réussite des grands hommes d’affaires à travers la pensée positive.,Développement personnel
Les Quatre Accords Toltèques,Don Miguel Ruiz livre 4 principes simples pour transformer sa vie et atteindre la liberté personnelle.,Développement personnel
Ta deuxième vie commence quand tu comprends que tu n'en as qu'une,Un roman de développement personnel sur la quête de sens et la redécouverte de soi.,Développement personnel
Miracle Morning,Hal Elrod présente une routine matinale qui change la vie en 6 étapes simples.,Développement personnel
L’Alchimiste,Un jeune berger part à la recherche de sa Légende personnelle et découvre la sagesse du monde.,Développement personnel
Comment se faire des amis,Dale Carnegie offre des conseils pratiques pour améliorer ses relations et influencer positivement les autres.,Développement personnel
L’art subtil de s’en foutre,Mark Manson propose une approche honnête et libératrice de la vie et du bonheur.,Développement personnel
Les 7 habitudes de ceux qui réalisent tout ce qu'ils entreprennent,Stephen Covey présente 7 principes fondamentaux pour améliorer sa vie personnelle et professionnelle.,Développement personnel
Pouvoir illimité,Tony Robbins propose des techniques pour développer ses ressources personnelles et atteindre ses objectifs.,Développement personnel
Le Pouvoir du moment présent,Eckhart Tolle enseigne comment vivre pleinement l’instant présent pour accéder à la paix intérieure.,Développement personnel
Réfléchissez et devenez riche,Napoleon Hill expose les secrets de réussite des grands hommes d’affaires à travers la pensée positive.,Développement personnel
Les Quatre Accords Toltèques,Don Miguel Ruiz livre 4 principes simples pour transformer sa vie et atteindre la liberté personnelle.,Développement personnel
Ta deuxième vie commence quand tu comprends que tu n'en as qu'une,Un roman de développement personnel sur la quête de sens et la redécouverte de soi.,Développement personnel
Miracle Morning,Hal Elrod présente une routine matinale qui change la vie en 6 étapes simples.,Développement personnel
L’Alchimiste,Un jeune berger part à la recherche de sa Légende personnelle et découvre la sagesse du monde.,Développement personnel
Comment se faire des amis,Dale Carnegie offre des conseils pratiques pour améliorer ses relations et influencer positivement les autres.,Développement personnel
L’art subtil de s’en foutre,Mark Manson propose une approche honnête et libératrice de la vie et du bonheur.,Développement personnel
Les 7 habitudes de ceux qui réalisent tout ce qu'ils entreprennent,Stephen Covey présente 7 principes fondamentaux pour améliorer sa vie personnelle et professionnelle.,Développement personnel
Pouvoir illimité,Tony Robbins propose des techniques pour développer ses ressources personnelles et atteindre ses objectifs.,Développement personnel
Le Pouvoir du moment présent,Eckhart Tolle enseigne comment vivre pleinement l’instant présent pour accéder à la paix intérieure.,Développement personnel
Réfléchissez et devenez riche,Napoleon Hill expose les secrets de réussite des grands hommes d’affaires à travers la pensée positive.,Développement personnel
Les Quatre Accords Toltèques,Don Miguel Ruiz livre 4 principes simples pour transformer sa vie et atteindre la liberté personnelle.,Développement personnel
Ta deuxième vie commence quand tu comprends que tu n'en as qu'une,Un roman de développement personnel sur la quête de sens et la redécouverte de soi.,Développement personnel
Miracle Morning,Hal Elrod présente une routine matinale qui change la vie en 6 étapes simples.,Développement personnel
L’Alchimiste,Un jeune berger part à la recherche de sa Légende personnelle et découvre la sagesse du monde.,Développement personnel
Comment se faire des amis,Dale Carnegie offre des conseils pratiques pour améliorer ses relations et influencer positivement les autres.,Développement personnel
L’art subtil de s’en foutre,Mark Manson propose une approche honnête et libératrice de la vie et du bonheur.,Développement personnel
Les 7 habitudes de ceux qui réalisent tout ce qu'ils entreprennent,Stephen Covey présente 7 principes fondamentaux pour améliorer sa vie personnelle et professionnelle.,Développement personnel
Pouvoir illimité,Tony Robbins propose des techniques pour développer ses ressources personnelles et atteindre ses objectifs.,Développement personnel
Le Pouvoir du moment présent,Eckhart Tolle enseigne comment vivre pleinement l’instant présent pour accéder à la paix intérieure.,Développement personnel
Réfléchissez et devenez riche,Napoleon Hill expose les secrets de réussite des grands hommes d’affaires à travers la pensée positive.,Développement personnel
Les Quatre Accords Toltèques,Don Miguel Ruiz livre 4 principes simples pour transformer sa vie et atteindre la liberté personnelle.,Développement personnel
Ta deuxième vie commence quand tu comprends que tu n'en as qu'une,Un roman de développement personnel sur la quête de sens et la redécouverte de soi.,Développement personnel
Miracle Morning,Hal Elrod présente une routine matinale qui change la vie en 6 étapes simples.,Développement personnel
L’Alchimiste,Un jeune berger part à la recherche de sa Légende personnelle et découvre la sagesse du monde.,Développement personnel
Comment se faire des amis,Dale Carnegie offre des conseils pratiques pour améliorer ses relations et influencer positivement les autres.,Développement personnel
L’art subtil de s’en foutre,Mark Manson propose une approche honnête et libératrice de la vie et du bonheur.,Développement personnel
Le Petit Prince,"Un aviateur rencontre un petit garçon venu d’une autre planète, qui lui raconte ses aventures et sa vision du monde.",Jeunesse
Harry Potter à l’école des sorciers,Un jeune garçon découvre qu’il est un sorcier et rejoint l’école de magie de Poudlard.,Jeunesse
Matilda,"Matilda, petite fille surdouée et maltraitée, découvre qu’elle possède des pouvoirs extraordinaires.",Jeunesse
Charlie et la chocolaterie,Charlie gagne un ticket d’or pour visiter la mystérieuse chocolaterie de Willy Wonka.,Jeunesse
Le BGG (Le Bon Gros Géant),Sophie est enlevée par un géant gentil qui l’emmène dans le pays des rêves.,Jeunesse
Les Désastreuses Aventures des orphelins Baudelaire,Trois orphelins tentent d’échapper aux plans diaboliques du comte Olaf dans une série de mésaventures.,Jeunesse
Max et les maximonstres,"Max, un enfant turbulent, voyage dans un monde peuplé de monstres où il devient roi.",Jeunesse
"Le Monde de Narnia : Le lion, la sorcière blanche et l’armoire magique",Quatre enfants traversent une armoire magique pour rejoindre le monde de Narnia et le sauver du mal.,Jeunesse
La Passe-Miroir : Les fiancés de l’hiver,"Ophélie, jeune liseuse, est fiancée contre son gré et découvre un monde complexe de magie et d’intrigues.",Jeunesse
Percy Jackson : Le voleur de foudre,Percy découvre qu’il est un demi-dieu et part en quête pour retrouver l’éclair de Zeus.,Jeunesse
Le Petit Prince,"Un aviateur rencontre un petit garçon venu d’une autre planète, qui lui raconte ses aventures et sa vision du monde.",Jeunesse
Harry Potter à l’école des sorciers,Un jeune garçon découvre qu’il est un sorcier et rejoint l’école de magie de Poudlard.,Jeunesse
Matilda,"Matilda, petite fille surdouée et maltraitée, découvre qu’elle possède des pouvoirs extraordinaires.",Jeunesse
Charlie et la chocolaterie,Charlie gagne un ticket d’or pour visiter la mystérieuse chocolaterie de Willy Wonka.,Jeunesse
Le BGG (Le Bon Gros Géant),Sophie est enlevée par un géant gentil qui l’emmène dans le pays des rêves.,Jeunesse
Les Désastreuses Aventures des orphelins Baudelaire,Trois orphelins tentent d’échapper aux plans diaboliques du comte Olaf dans une série de mésaventures.,Jeunesse
Max et les maximonstres,"Max, un enfant turbulent, voyage dans un monde peuplé de monstres où il devient roi.",Jeunesse
"Le Monde de Narnia : Le lion, la sorcière blanche et l’armoire magique",Quatre enfants traversent une armoire magique pour rejoindre le monde de Narnia et le sauver du mal.,Jeunesse
La Passe-Miroir : Les fiancés de l’hiver,"Ophélie, jeune liseuse, est fiancée contre son gré et découvre un monde complexe de magie et d’intrigues.",Jeunesse
Percy Jackson : Le voleur de foudre,Percy découvre qu’il est un demi-dieu et part en quête pour retrouver l’éclair de Zeus.,Jeunesse
Le Petit Prince,"Un aviateur rencontre un petit garçon venu d’une autre planète, qui lui raconte ses aventures et sa vision du monde.",Jeunesse
Harry Potter à l’école des sorciers,Un jeune garçon découvre qu’il est un sorcier et rejoint l’école de magie de Poudlard.,Jeunesse
Matilda,"Matilda, petite fille surdouée et maltraitée, découvre qu’elle possède des pouvoirs extraordinaires.",Jeunesse
Charlie et la chocolaterie,Charlie gagne un ticket d’or pour visiter la mystérieuse chocolaterie de Willy Wonka.,Jeunesse
Le BGG (Le Bon Gros Géant),Sophie est enlevée par un géant gentil qui l’emmène dans le pays des rêves.,Jeunesse
Les Désastreuses Aventures des orphelins Baudelaire,Trois orphelins tentent d’échapper aux plans diaboliques du comte Olaf dans une série de mésaventures.,Jeunesse
Max et les maximonstres,"Max, un enfant turbulent, voyage dans un monde peuplé de monstres où il devient roi.",Jeunesse
"Le Monde de Narnia : Le lion, la sorcière blanche et l’armoire magique",Quatre enfants traversent une armoire magique pour rejoindre le monde de Narnia et le sauver du mal.,Jeunesse
La Passe-Miroir : Les fiancés de l’hiver,"Ophélie, jeune liseuse, est fiancée contre son gré et découvre un monde complexe de magie et d’intrigues.",Jeunesse
Percy Jackson : Le voleur de foudre,Percy découvre qu’il est un demi-dieu et part en quête pour retrouver l’éclair de Zeus.,Jeunesse
Le Petit Prince,"Un aviateur rencontre un petit garçon venu d’une autre planète, qui lui raconte ses aventures et sa vision du monde.",Jeunesse
Harry Potter à l’école des sorciers,Un jeune garçon découvre qu’il est un sorcier et rejoint l’école de magie de Poudlard.,Jeunesse
Matilda,"Matilda, petite fille surdouée et maltraitée, découvre qu’elle possède des pouvoirs extraordinaires.",Jeunesse
Charlie et la chocolaterie,Charlie gagne un ticket d’or pour visiter la mystérieuse chocolaterie de Willy Wonka.,Jeunesse
Le BGG (Le Bon Gros Géant),Sophie est enlevée par un géant gentil qui l’emmène dans le pays des rêves.,Jeunesse
Les Désastreuses Aventures des orphelins Baudelaire,Trois orphelins tentent d’échapper aux plans diaboliques du comte Olaf dans une série de mésaventures.,Jeunesse
Max et les maximonstres,"Max, un enfant turbulent, voyage dans un monde peuplé de monstres où il devient roi.",Jeunesse
"Le Monde de Narnia : Le lion, la sorcière blanche et l’armoire magique",Quatre enfants traversent une armoire magique pour rejoindre le monde de Narnia et le sauver du mal.,Jeunesse
La Passe-Miroir : Les fiancés de l’hiver,"Ophélie, jeune liseuse, est fiancée contre son gré et découvre un monde complexe de magie et d’intrigues.",Jeunesse
Percy Jackson : Le voleur de foudre,Percy découvre qu’il est un demi-dieu et part en quête pour retrouver l’éclair de Zeus.,Jeunesse
Le Petit Prince,"Un aviateur rencontre un petit garçon venu d’une autre planète, qui lui raconte ses aventures et sa vision du monde.",Jeunesse
Harry Potter à l’école des sorciers,Un jeune garçon découvre qu’il est un sorcier et rejoint l’école de magie de Poudlard.,Jeunesse
Matilda,"Matilda, petite fille surdouée et maltraitée, découvre qu’elle possède des pouvoirs extraordinaires.",Jeunesse
Charlie et la chocolaterie,Charlie gagne un ticket d’or pour visiter la mystérieuse chocolaterie de Willy Wonka.,Jeunesse
Le BGG (Le Bon Gros Géant),Sophie est enlevée par un géant gentil qui l’emmène dans le pays des rêves.,Jeunesse
Les Désastreuses Aventures des orphelins Baudelaire,Trois orphelins tentent d’échapper aux plans diaboliques du comte Olaf dans une série de mésaventures.,Jeunesse
Max et les maximonstres,"Max, un enfant turbulent, voyage dans un monde peuplé de monstres où il devient roi.",Jeunesse
"Le Monde de Narnia : Le lion, la sorcière blanche et l’armoire magique",Quatre enfants traversent une armoire magique pour rejoindre le monde de Narnia et le sauver du mal.,Jeunesse
La Passe-Miroir : Les fiancés de l’hiver,"Ophélie, jeune liseuse, est fiancée contre son gré et découvre un monde complexe de magie et d’intrigues.",Jeunesse
Percy Jackson : Le voleur de foudre,Percy découvre qu’il est un demi-dieu et part en quête pour retrouver l’éclair de Zeus.,Jeunesse
Le Petit Prince,"Un aviateur rencontre un petit garçon venu d’une autre planète, qui lui raconte ses aventures et sa vision du monde.",Jeunesse
Harry Potter à l’école des sorciers,Un jeune garçon découvre qu’il est un sorcier et rejoint l’école de magie de Poudlard.,Jeunesse
Matilda,"Matilda, petite fille surdouée et maltraitée, découvre qu’elle possède des pouvoirs extraordinaires.",Jeunesse
Charlie et la chocolaterie,Charlie gagne un ticket d’or pour visiter la mystérieuse chocolaterie de Willy Wonka.,Jeunesse
Le BGG (Le Bon Gros Géant),Sophie est enlevée par un géant gentil qui l’emmène dans le pays des rêves.,Jeunesse
Les Désastreuses Aventures des orphelins Baudelaire,Trois orphelins tentent d’échapper aux plans diaboliques du comte Olaf dans une série de mésaventures.,Jeunesse
Max et les maximonstres,"Max, un enfant turbulent, voyage dans un monde peuplé de monstres où il devient roi.",Jeunesse
"Le Monde de Narnia : Le lion, la sorcière blanche et l’armoire magique",Quatre enfants traversent une armoire magique pour rejoindre le monde de Narnia et le sauver du mal.,Jeunesse
La Passe-Miroir : Les fiancés de l’hiver,"Ophélie, jeune liseuse, est fiancée contre son gré et découvre un monde complexe de magie et d’intrigues.",Jeunesse
Percy Jackson : Le voleur de foudre,Percy découvre qu’il est un demi-dieu et part en quête pour retrouver l’éclair de Zeus.,Jeunesse
Le Petit Prince,"Un aviateur rencontre un petit garçon venu d’une autre planète, qui lui raconte ses aventures et sa vision du monde.",Jeunesse
Harry Potter à l’école des sorciers,Un jeune garçon découvre qu’il est un sorcier et rejoint l’école de magie de Poudlard.,Jeunesse
Matilda,"Matilda, petite fille surdouée et maltraitée, découvre qu’elle possède des pouvoirs extraordinaires.",Jeunesse
Charlie et la chocolaterie,Charlie gagne un ticket d’or pour visiter la mystérieuse chocolaterie de Willy Wonka.,Jeunesse
Le BGG (Le Bon Gros Géant),Sophie est enlevée par un géant gentil qui l’emmène dans le pays des rêves.,Jeunesse
Les Désastreuses Aventures des orphelins Baudelaire,Trois orphelins tentent d’échapper aux plans diaboliques du comte Olaf dans une série de mésaventures.,Jeunesse
Max et les maximonstres,"Max, un enfant turbulent, voyage dans un monde peuplé de monstres où il devient roi.",Jeunesse
"Le Monde de Narnia : Le lion, la sorcière blanche et l’armoire magique",Quatre enfants traversent une armoire magique pour rejoindre le monde de Narnia et le sauver du mal.,Jeunesse
La Passe-Miroir : Les fiancés de l’hiver,"Ophélie, jeune liseuse, est fiancée contre son gré et découvre un monde complexe de magie et d’intrigues.",Jeunesse
Percy Jackson : Le voleur de foudre,Percy découvre qu’il est un demi-dieu et part en quête pour retrouver l’éclair de Zeus.,Jeunesse
Le Petit Prince,"Un aviateur rencontre un petit garçon venu d’une autre planète, qui lui raconte ses aventures et sa vision du monde.",Jeunesse
Harry Potter à l’école des sorciers,Un jeune garçon découvre qu’il est un sorcier et rejoint l’école de magie de Poudlard.,Jeunesse
Matilda,"Matilda, petite fille surdouée et maltraitée, découvre qu’elle possède des pouvoirs extraordinaires.",Jeunesse
Charlie et la chocolaterie,Charlie gagne un ticket d’or pour visiter la mystérieuse chocolaterie de Willy Wonka.,Jeunesse
Le BGG (Le Bon Gros Géant),Sophie est enlevée par un géant gentil qui l’emmène dans le pays des rêves.,Jeunesse
Les Désastreuses Aventures des orphelins Baudelaire,Trois orphelins tentent d’échapper aux plans diaboliques du comte Olaf dans une série de mésaventures.,Jeunesse
Max et les maximonstres,"Max, un enfant turbulent, voyage dans un monde peuplé de monstres où il devient roi.",Jeunesse
"Le Monde de Narnia : Le lion, la sorcière blanche et l’armoire magique",Quatre enfants traversent une armoire magique pour rejoindre le monde de Narnia et le sauver du mal.,Jeunesse
La Passe-Miroir : Les fiancés de l’hiver,"Ophélie, jeune liseuse, est fiancée contre son gré et découvre un monde complexe de magie et d’intrigues.",Jeunesse
Percy Jackson : Le voleur de foudre,Percy découvre qu’il est un demi-dieu et part en quête pour retrouver l’éclair de Zeus.,Jeunesse
Le Petit Prince,"Un aviateur rencontre un petit garçon venu d’une autre planète, qui lui raconte ses aventures et sa vision du monde.",Jeunesse
Harry Potter à l’école des sorciers,Un jeune garçon découvre qu’il est un sorcier et rejoint l’école de magie de Poudlard.,Jeunesse
Matilda,"Matilda, petite fille surdouée et maltraitée, découvre qu’elle possède des pouvoirs extraordinaires.",Jeunesse
Charlie et la chocolaterie,Charlie gagne un ticket d’or pour visiter la mystérieuse chocolaterie de Willy Wonka.,Jeunesse
Le BGG (Le Bon Gros Géant),Sophie est enlevée par un géant gentil qui l’emmène dans le pays des rêves.,Jeunesse
Les Désastreuses Aventures des orphelins Baudelaire,Trois orphelins tentent d’échapper aux plans diaboliques du comte Olaf dans une série de mésaventures.,Jeunesse
Max et les maximonstres,"Max, un enfant turbulent, voyage dans un monde peuplé de monstres où il devient roi.",Jeunesse
"Le Monde de Narnia : Le lion, la sorcière blanche et l’armoire magique",Quatre enfants traversent une armoire magique pour rejoindre le monde de Narnia et le sauver du mal.,Jeunesse
La Passe-Miroir : Les fiancés de l’hiver,"Ophélie, jeune liseuse, est fiancée contre son gré et découvre un monde complexe de magie et d’intrigues.",Jeunesse
Percy Jackson : Le voleur de foudre,Percy découvre qu’il est un demi-dieu et part en quête pour retrouver l’éclair de Zeus.,Jeunesse
Le Petit Prince,"Un aviateur rencontre un petit garçon venu d’une autre planète, qui lui raconte ses aventures et sa vision du monde.",Jeunesse
Harry Potter à l’école des sorciers,Un jeune garçon découvre qu’il est un sorcier et rejoint l’école de magie de Poudlard.,Jeunesse
Matilda,"Matilda, petite fille surdouée et maltraitée, découvre qu’elle possède des pouvoirs extraordinaires.",Jeunesse
Charlie et la chocolaterie,Charlie gagne un ticket d’or pour visiter la mystérieuse chocolaterie de Willy Wonka.,Jeunesse
Le BGG (Le Bon Gros Géant),Sophie est enlevée par un géant gentil qui l’emmène dans le pays des rêves.,Jeunesse
Les Désastreuses Aventures des orphelins Baudelaire,Trois orphelins tentent d’échapper aux plans diaboliques du comte Olaf dans une série de mésaventures.,Jeunesse
Max et les maximonstres,"Max, un enfant turbulent, voyage dans un monde peuplé de monstres où il devient roi.",Jeunesse
"Le Monde de Narnia : Le lion, la sorcière blanche et l’armoire magique",Quatre enfants traversent une armoire magique pour rejoindre le monde de Narnia et le sauver du mal.,Jeunesse
La Passe-Miroir : Les fiancés de l’hiver,"Ophélie, jeune liseuse, est fiancée contre son gré et découvre un monde complexe de magie et d’intrigues.",Jeunesse
Percy Jackson : Le voleur de foudre,Percy découvre qu’il est un demi-dieu et part en quête pour retrouver l’éclair de Zeus.,Jeunesse
Les Fleurs du mal,"Un recueil de poèmes où Baudelaire explore la beauté, le mal, l’amour et la mort.",Poésie
Alcools,Apollinaire exprime les sentiments modernes avec un mélange de lyrisme et de formes nouvelles.,Poésie
Paroles,"Prévert rassemble des poèmes sur la liberté, l’amour et la vie quotidienne dans un style accessible.",Poésie
Le Spleen de Paris,Baudelaire écrit en prose poétique sur la mélancolie et l’ennui dans la ville moderne.,Poésie
Le Bateau ivre,Rimbaud compose un poème symboliste évoquant les dérives d’un bateau libre sur l’océan.,Poésie
Calligrammes,Recueil poétique où Apollinaire joue avec la disposition des mots sur la page pour créer des images.,Poésie
Clair de lune,Paul Verlaine chante la mélancolie et l’élégance à travers un style musical et sensible.,Poésie
Le recueil de poèmes d’Éluard,"Éluard écrit sur l’amour, la liberté et la résistance avec un langage simple et fort.",Poésie
Poèmes Saturniens,"Verlaine explore la tristesse, l’amour et la musique des mots dans son premier recueil.",Poésie
Les Contemplations,"Victor Hugo médite sur la vie, la mort et les souvenirs dans une œuvre empreinte de sagesse.",Poésie
Les Fleurs du mal,"Un recueil de poèmes où Baudelaire explore la beauté, le mal, l’amour et la mort.",Poésie
Alcools,Apollinaire exprime les sentiments modernes avec un mélange de lyrisme et de formes nouvelles.,Poésie
Paroles,"Prévert rassemble des poèmes sur la liberté, l’amour et la vie quotidienne dans un style accessible.",Poésie
Le Spleen de Paris,Baudelaire écrit en prose poétique sur la mélancolie et l’ennui dans la ville moderne.,Poésie
Le Bateau ivre,Rimbaud compose un poème symboliste évoquant les dérives d’un bateau libre sur l’océan.,Poésie
Calligrammes,Recueil poétique où Apollinaire joue avec la disposition des mots sur la page pour créer des images.,Poésie
Clair de lune,Paul Verlaine chante la mélancolie et l’élégance à travers un style musical et sensible.,Poésie
Le recueil de poèmes d’Éluard,"Éluard écrit sur l’amour, la liberté et la résistance avec un langage simple et fort.",Poésie
Poèmes Saturniens,"Verlaine explore la tristesse, l’amour et la musique des mots dans son premier recueil.",Poésie
Les Contemplations,"Victor Hugo médite sur la vie, la mort et les souvenirs dans une œuvre empreinte de sagesse.",Poésie
Les Fleurs du mal,"Un recueil de poèmes où Baudelaire explore la beauté, le mal, l’amour et la mort.",Poésie
Alcools,Apollinaire exprime les sentiments modernes avec un mélange de lyrisme et de formes nouvelles.,Poésie
Paroles,"Prévert rassemble des poèmes sur la liberté, l’amour et la vie quotidienne dans un style accessible.",Poésie
Le Spleen de Paris,Baudelaire écrit en prose poétique sur la mélancolie et l’ennui dans la ville moderne.,Poésie
Le Bateau ivre,Rimbaud compose un poème symboliste évoquant les dérives d’un bateau libre sur l’océan.,Poésie
Calligrammes,Recueil poétique où Apollinaire joue avec la disposition des mots sur la page pour créer des images.,Poésie
Clair de lune,Paul Verlaine chante la mélancolie et l’élégance à travers un style musical et sensible.,Poésie
Le recueil de poèmes d’Éluard,"Éluard écrit sur l’amour, la liberté et la résistance avec un langage simple et fort.",Poésie
Poèmes Saturniens,"Verlaine explore la tristesse, l’amour et la musique des mots dans son premier recueil.",Poésie
Les Contemplations,"Victor Hugo médite sur la vie, la mort et les souvenirs dans une œuvre empreinte de sagesse.",Poésie
Les Fleurs du mal,"Un recueil de poèmes où Baudelaire explore la beauté, le mal, l’amour et la mort.",Poésie
Alcools,Apollinaire exprime les sentiments modernes avec un mélange de lyrisme et de formes nouvelles.,Poésie
Paroles,"Prévert rassemble des poèmes sur la liberté, l’amour et la vie quotidienne dans un style accessible.",Poésie
Le Spleen de Paris,Baudelaire écrit en prose poétique sur la mélancolie et l’ennui dans la ville moderne.,Poésie
Le Bateau ivre,Rimbaud compose un poème symboliste évoquant les dérives d’un bateau libre sur l’océan.,Poésie
Calligrammes,Recueil poétique où Apollinaire joue avec la disposition des mots sur la page pour créer des images.,Poésie
Clair de lune,Paul Verlaine chante la mélancolie et l’élégance à travers un style musical et sensible.,Poésie
Le recueil de poèmes d’Éluard,"Éluard écrit sur l’amour, la liberté et la résistance avec un langage simple et fort.",Poésie
Poèmes Saturniens,"Verlaine explore la tristesse, l’amour et la musique des mots dans son premier recueil.",Poésie
Les Contemplations,"Victor Hugo médite sur la vie, la mort et les souvenirs dans une œuvre empreinte de sagesse.",Poésie
Les Fleurs du mal,"Un recueil de poèmes où Baudelaire explore la beauté, le mal, l’amour et la mort.",Poésie
Alcools,Apollinaire exprime les sentiments modernes avec un mélange de lyrisme et de formes nouvelles.,Poésie
Paroles,"Prévert rassemble des poèmes sur la liberté, l’amour et la vie quotidienne dans un style accessible.",Poésie
Le Spleen de Paris,Baudelaire écrit en prose poétique sur la mélancolie et l’ennui dans la ville moderne.,Poésie
Le Bateau ivre,Rimbaud compose un poème symboliste évoquant les dérives d’un bateau libre sur l’océan.,Poésie
Calligrammes,Recueil poétique où Apollinaire joue avec la disposition des mots sur la page pour créer des images.,Poésie
Clair de lune,Paul Verlaine chante la mélancolie et l’élégance à travers un style musical et sensible.,Poésie
Le recueil de poèmes d’Éluard,"Éluard écrit sur l’amour, la liberté et la résistance avec un langage simple et fort.",Poésie
Poèmes Saturniens,"Verlaine explore la tristesse, l’amour et la musique des mots dans son premier recueil.",Poésie
Les Contemplations,"Victor Hugo médite sur la vie, la mort et les souvenirs dans une œuvre empreinte de sagesse.",Poésie
Les Fleurs du mal,"Un recueil de poèmes où Baudelaire explore la beauté, le mal, l’amour et la mort.",Poésie
Alcools,Apollinaire exprime les sentiments modernes avec un mélange de lyrisme et de formes nouvelles.,Poésie
Paroles,"Prévert rassemble des poèmes sur la liberté, l’amour et la vie quotidienne dans un style accessible.",Poésie
Le Spleen de Paris,Baudelaire écrit en prose poétique sur la mélancolie et l’ennui dans la ville moderne.,Poésie
Le Bateau ivre,Rimbaud compose un poème symboliste évoquant les dérives d’un bateau libre sur l’océan.,Poésie
Calligrammes,Recueil poétique où Apollinaire joue avec la disposition des mots sur la page pour créer des images.,Poésie
Clair de lune,Paul Verlaine chante la mélancolie et l’élégance à travers un style musical et sensible.,Poésie
Le recueil de poèmes d’Éluard,"Éluard écrit sur l’amour, la liberté et la résistance avec un langage simple et fort.",Poésie
Poèmes Saturniens,"Verlaine explore la tristesse, l’amour et la musique des mots dans son premier recueil.",Poésie
Les Contemplations,"Victor Hugo médite sur la vie, la mort et les souvenirs dans une œuvre empreinte de sagesse.",Poésie
Les Fleurs du mal,"Un recueil de poèmes où Baudelaire explore la beauté, le mal, l’amour et la mort.",Poésie
Alcools,Apollinaire exprime les sentiments modernes avec un mélange de lyrisme et de formes nouvelles.,Poésie
Paroles,"Prévert rassemble des poèmes sur la liberté, l’amour et la vie quotidienne dans un style accessible.",Poésie
Le Spleen de Paris,Baudelaire écrit en prose poétique sur la mélancolie et l’ennui dans la ville moderne.,Poésie
Le Bateau ivre,Rimbaud compose un poème symboliste évoquant les dérives d’un bateau libre sur l’océan.,Poésie
Calligrammes,Recueil poétique où Apollinaire joue avec la disposition des mots sur la page pour créer des images.,Poésie
Clair de lune,Paul Verlaine chante la mélancolie et l’élégance à travers un style musical et sensible.,Poésie
Le recueil de poèmes d’Éluard,"Éluard écrit sur l’amour, la liberté et la résistance avec un langage simple et fort.",Poésie
Poèmes Saturniens,"Verlaine explore la tristesse, l’amour et la musique des mots dans son premier recueil.",Poésie
Les Contemplations,"Victor Hugo médite sur la vie, la mort et les souvenirs dans une œuvre empreinte de sagesse.",Poésie
Les Fleurs du mal,"Un recueil de poèmes où Baudelaire explore la beauté, le mal, l’amour et la mort.",Poésie
Alcools,Apollinaire exprime les sentiments modernes avec un mélange de lyrisme et de formes nouvelles.,Poésie
Paroles,"Prévert rassemble des poèmes sur la liberté, l’amour et la vie quotidienne dans un style accessible.",Poésie
Le Spleen de Paris,Baudelaire écrit en prose poétique sur la mélancolie et l’ennui dans la ville moderne.,Poésie
Le Bateau ivre,Rimbaud compose un poème symboliste évoquant les dérives d’un bateau libre sur l’océan.,Poésie
Calligrammes,Recueil poétique où Apollinaire joue avec la disposition des mots sur la page pour créer des images.,Poésie
Clair de lune,Paul Verlaine chante la mélancolie et l’élégance à travers un style musical et sensible.,Poésie
Le recueil de poèmes d’Éluard,"Éluard écrit sur l’amour, la liberté et la résistance avec un langage simple et fort.",Poésie
Poèmes Saturniens,"Verlaine explore la tristesse, l’amour et la musique des mots dans son premier recueil.",Poésie
Les Contemplations,"Victor Hugo médite sur la vie, la mort et les souvenirs dans une œuvre empreinte de sagesse.",Poésie
Les Fleurs du mal,"Un recueil de poèmes où Baudelaire explore la beauté, le mal, l’amour et la mort.",Poésie
Alcools,Apollinaire exprime les sentiments modernes avec un mélange de lyrisme et de formes nouvelles.,Poésie
Paroles,"Prévert rassemble des poèmes sur la liberté, l’amour et la vie quotidienne dans un style accessible.",Poésie
Le Spleen de Paris,Baudelaire écrit en prose poétique sur la mélancolie et l’ennui dans la ville moderne.,Poésie
Le Bateau ivre,Rimbaud compose un poème symboliste évoquant les dérives d’un bateau libre sur l’océan.,Poésie
Calligrammes,Recueil poétique où Apollinaire joue avec la disposition des mots sur la page pour créer des images.,Poésie
Clair de lune,Paul Verlaine chante la mélancolie et l’élégance à travers un style musical et sensible.,Poésie
Le recueil de poèmes d’Éluard,"Éluard écrit sur l’amour, la liberté et la résistance avec un langage simple et fort.",Poésie
Poèmes Saturniens,"Verlaine explore la tristesse, l’amour et la musique des mots dans son premier recueil.",Poésie
Les Contemplations,"Victor Hugo médite sur la vie, la mort et les souvenirs dans une œuvre empreinte de sagesse.",Poésie
Les Fleurs du mal,"Un recueil de poèmes où Baudelaire explore la beauté, le mal, l’amour et la mort.",Poésie
Alcools,Apollinaire exprime les sentiments modernes avec un mélange de lyrisme et de formes nouvelles.,Poésie
Paroles,"Prévert rassemble des poèmes sur la liberté, l’amour et la vie quotidienne dans un style accessible.",Poésie
Le Spleen de Paris,Baudelaire écrit en prose poétique sur la mélancolie et l’ennui dans la ville moderne.,Poésie
Le Bateau ivre,Rimbaud compose un poème symboliste évoquant les dérives d’un bateau libre sur l’océan.,Poésie
Calligrammes,Recueil poétique où Apollinaire joue avec la disposition des mots sur la page pour créer des images.,Poésie
Clair de lune,Paul Verlaine chante la mélancolie et l’élégance à travers un style musical et sensible.,Poésie
Le recueil de poèmes d’Éluard,"Éluard écrit sur l’amour, la liberté et la résistance avec un langage simple et fort.",Poésie
Poèmes Saturniens,"Verlaine explore la tristesse, l’amour et la musique des mots dans son premier recueil.",Poésie
Les Contemplations,"Victor Hugo médite sur la vie, la mort et les souvenirs dans une œuvre empreinte de sagesse.",Poésie
Une brève histoire du temps,Stephen Hawking vulgarise la cosmologie et explique l'origine et la structure de l'univers.,Essai
Surveiller et punir,Michel Foucault analyse l’évolution des systèmes pénitentiaires et la discipline sociale.,Essai
Le Deuxième Sexe,Simone de Beauvoir explore la condition féminine et le rôle du patriarcat dans la société.,Essai
L’art de la guerre,Sun Tzu offre un traité de stratégie militaire applicable aussi au monde des affaires.,Essai
La société du spectacle,Guy Debord critique la société de consommation et l’image comme fondement du capitalisme.,Essai
Indignez-vous !,Stéphane Hessel appelle à la résistance pacifique contre l’indifférence et l’injustice.,Essai
Éloge de la lenteur,Carl Honoré défend une philosophie de vie fondée sur la lenteur et la pleine conscience.,Essai
La crise de la culture,"Hannah Arendt réfléchit aux fondements de la culture, de la politique et de l'autorité.",Essai
L’Homme révolté,Albert Camus s’interroge sur la révolte humaine face à l’absurdité et l’injustice du monde.,Essai
De la démocratie en Amérique,Tocqueville analyse la démocratie américaine et ses implications sociales et politiques.,Essai
Une brève histoire du temps,Stephen Hawking vulgarise la cosmologie et explique l'origine et la structure de l'univers.,Essai
Surveiller et punir,Michel Foucault analyse l’évolution des systèmes pénitentiaires et la discipline sociale.,Essai
Le Deuxième Sexe,Simone de Beauvoir explore la condition féminine et le rôle du patriarcat dans la société.,Essai
L’art de la guerre,Sun Tzu offre un traité de stratégie militaire applicable aussi au monde des affaires.,Essai
La société du spectacle,Guy Debord critique la société de consommation et l’image comme fondement du capitalisme.,Essai
Indignez-vous !,Stéphane Hessel appelle à la résistance pacifique contre l’indifférence et l’injustice.,Essai
Éloge de la lenteur,Carl Honoré défend une philosophie de vie fondée sur la lenteur et la pleine conscience.,Essai
La crise de la culture,"Hannah Arendt réfléchit aux fondements de la culture, de la politique et de l'autorité.",Essai
L’Homme révolté,Albert Camus s’interroge sur la révolte humaine face à l’absurdité et l’injustice du monde.,Essai
De la démocratie en Amérique,Tocqueville analyse la démocratie américaine et ses implications sociales et politiques.,Essai
Une brève histoire du temps,Stephen Hawking vulgarise la cosmologie et explique l'origine et la structure de l'univers.,Essai
Surveiller et punir,Michel Foucault analyse l’évolution des systèmes pénitentiaires et la discipline sociale.,Essai
Le Deuxième Sexe,Simone de Beauvoir explore la condition féminine et le rôle du patriarcat dans la société.,Essai
L’art de la guerre,Sun Tzu offre un traité de stratégie militaire applicable aussi au monde des affaires.,Essai
La société du spectacle,Guy Debord critique la société de consommation et l’image comme fondement du capitalisme.,Essai
Indignez-vous !,Stéphane Hessel appelle à la résistance pacifique contre l’indifférence et l’injustice.,Essai
Éloge de la lenteur,Carl Honoré défend une philosophie de vie fondée sur la lenteur et la pleine conscience.,Essai
La crise de la culture,"Hannah Arendt réfléchit aux fondements de la culture, de la politique et de l'autorité.",Essai
L’Homme révolté,Albert Camus s’interroge sur la révolte humaine face à l’absurdité et l’injustice du monde.,Essai
De la démocratie en Amérique,Tocqueville analyse la démocratie américaine et ses implications sociales et politiques.,Essai
Une brève histoire du temps,Stephen Hawking vulgarise la cosmologie et explique l'origine et la structure de l'univers.,Essai
Surveiller et punir,Michel Foucault analyse l’évolution des systèmes pénitentiaires et la discipline sociale.,Essai
Le Deuxième Sexe,Simone de Beauvoir explore la condition féminine et le rôle du patriarcat dans la société.,Essai
L’art de la guerre,Sun Tzu offre un traité de stratégie militaire applicable aussi au monde des affaires.,Essai
La société du spectacle,Guy Debord critique la société de consommation et l’image comme fondement du capitalisme.,Essai
Indignez-vous !,Stéphane Hessel appelle à la résistance pacifique contre l’indifférence et l’injustice.,Essai
Éloge de la lenteur,Carl Honoré défend une philosophie de vie fondée sur la lenteur et la pleine conscience.,Essai
La crise de la culture,"Hannah Arendt réfléchit aux fondements de la culture, de la politique et de l'autorité.",Essai
L’Homme révolté,Albert Camus s’interroge sur la révolte humaine face à l’absurdité et l’injustice du monde.,Essai
De la démocratie en Amérique,Tocqueville analyse la démocratie américaine et ses implications sociales et politiques.,Essai
Une brève histoire du temps,Stephen Hawking vulgarise la cosmologie et explique l'origine et la structure de l'univers.,Essai
Surveiller et punir,Michel Foucault analyse l’évolution des systèmes pénitentiaires et la discipline sociale.,Essai
Le Deuxième Sexe,Simone de Beauvoir explore la condition féminine et le rôle du patriarcat dans la société.,Essai
L’art de la guerre,Sun Tzu offre un traité de stratégie militaire applicable aussi au monde des affaires.,Essai
La société du spectacle,Guy Debord critique la société de consommation et l’image comme fondement du capitalisme.,Essai
Indignez-vous !,Stéphane Hessel appelle à la résistance pacifique contre l’indifférence et l’injustice.,Essai
Éloge de la lenteur,Carl Honoré défend une philosophie de vie fondée sur la lenteur et la pleine conscience.,Essai
La crise de la culture,"Hannah Arendt réfléchit aux fondements de la culture, de la politique et de l'autorité.",Essai
L’Homme révolté,Albert Camus s’interroge sur la révolte humaine face à l’absurdité et l’injustice du monde.,Essai
De la démocratie en Amérique,Tocqueville analyse la démocratie américaine et ses implications sociales et politiques.,Essai
Une brève histoire du temps,Stephen Hawking vulgarise la cosmologie et explique l'origine et la structure de l'univers.,Essai
Surveiller et punir,Michel Foucault analyse l’évolution des systèmes pénitentiaires et la discipline sociale.,Essai
Le Deuxième Sexe,Simone de Beauvoir explore la condition féminine et le rôle du patriarcat dans la société.,Essai
L’art de la guerre,Sun Tzu offre un traité de stratégie militaire applicable aussi au monde des affaires.,Essai
La société du spectacle,Guy Debord critique la société de consommation et l’image comme fondement du capitalisme.,Essai
Indignez-vous !,Stéphane Hessel appelle à la résistance pacifique contre l’indifférence et l’injustice.,Essai
Éloge de la lenteur,Carl Honoré défend une philosophie de vie fondée sur la lenteur et la pleine conscience.,Essai
La crise de la culture,"Hannah Arendt réfléchit aux fondements de la culture, de la politique et de l'autorité.",Essai
L’Homme révolté,Albert Camus s’interroge sur la révolte humaine face à l’absurdité et l’injustice du monde.,Essai
De la démocratie en Amérique,Tocqueville analyse la démocratie américaine et ses implications sociales et politiques.,Essai
Une brève histoire du temps,Stephen Hawking vulgarise la cosmologie et explique l'origine et la structure de l'univers.,Essai
Surveiller et punir,Michel Foucault analyse l’évolution des systèmes pénitentiaires et la discipline sociale.,Essai
Le Deuxième Sexe,Simone de Beauvoir explore la condition féminine et le rôle du patriarcat dans la société.,Essai
L’art de la guerre,Sun Tzu offre un traité de stratégie militaire applicable aussi au monde des affaires.,Essai
La société du spectacle,Guy Debord critique la société de consommation et l’image comme fondement du capitalisme.,Essai
Indignez-vous !,Stéphane Hessel appelle à la résistance pacifique contre l’indifférence et l’injustice.,Essai
Éloge de la lenteur,Carl Honoré défend une philosophie de vie fondée sur la lenteur et la pleine conscience.,Essai
La crise de la culture,"Hannah Arendt réfléchit aux fondements de la culture, de la politique et de l'autorité.",Essai
L’Homme révolté,Albert Camus s’interroge sur la révolte humaine face à l’absurdité et l’injustice du monde.,Essai
De la démocratie en Amérique,Tocqueville analyse la démocratie américaine et ses implications sociales et politiques.,Essai
Une brève histoire du temps,Stephen Hawking vulgarise la cosmologie et explique l'origine et la structure de l'univers.,Essai
Surveiller et punir,Michel Foucault analyse l’évolution des systèmes pénitentiaires et la discipline sociale.,Essai
Le Deuxième Sexe,Simone de Beauvoir explore la condition féminine et le rôle du patriarcat dans la société.,Essai
L’art de la guerre,Sun Tzu offre un traité de stratégie militaire applicable aussi au monde des affaires.,Essai
La société du spectacle,Guy Debord critique la société de consommation et l’image comme fondement du capitalisme.,Essai
Indignez-vous !,Stéphane Hessel appelle à la résistance pacifique contre l’indifférence et l’injustice.,Essai
Éloge de la lenteur,Carl Honoré défend une philosophie de vie fondée sur la lenteur et la pleine conscience.,Essai
La crise de la culture,"Hannah Arendt réfléchit aux fondements de la culture, de la politique et de l'autorité.",Essai
L’Homme révolté,Albert Camus s’interroge sur la révolte humaine face à l’absurdité et l’injustice du monde.,Essai
De la démocratie en Amérique,Tocqueville analyse la démocratie américaine et ses implications sociales et politiques.,Essai
Une brève histoire du temps,Stephen Hawking vulgarise la cosmologie et explique l'origine et la structure de l'univers.,Essai
Surveiller et punir,Michel Foucault analyse l’évolution des systèmes pénitentiaires et la discipline sociale.,Essai
Le Deuxième Sexe,Simone de Beauvoir explore la condition féminine et le rôle du patriarcat dans la société.,Essai
L’art de la guerre,Sun Tzu offre un traité de stratégie militaire applicable aussi au monde des affaires.,Essai
La société du spectacle,Guy Debord critique la société de consommation et l’image comme fondement du capitalisme.,Essai
Indignez-vous !,Stéphane Hessel appelle à la résistance pacifique contre l’indifférence et l’injustice.,Essai
Éloge de la lenteur,Carl Honoré défend une philosophie de vie fondée sur la lenteur et la pleine conscience.,Essai
La crise de la culture,"Hannah Arendt réfléchit aux fondements de la culture, de la politique et de l'autorité.",Essai
L’Homme révolté,Albert Camus s’interroge sur la révolte humaine face à l’absurdité et l’injustice du monde.,Essai
De la démocratie en Amérique,Tocqueville analyse la démocratie américaine et ses implications sociales et politiques.,Essai
Une brève histoire du temps,Stephen Hawking vulgarise la cosmologie et explique l'origine et la structure de l'univers.,Essai
Surveiller et punir,Michel Foucault analyse l’évolution des systèmes pénitentiaires et la discipline sociale.,Essai
Le Deuxième Sexe,Simone de Beauvoir explore la condition féminine et le rôle du patriarcat dans la société.,Essai
L’art de la guerre,Sun Tzu offre un traité de stratégie militaire applicable aussi au monde des affaires.,Essai
La société du spectacle,Guy Debord critique la société de consommation et l’image comme fondement du capitalisme.,Essai
Indignez-vous !,Stéphane Hessel appelle à la résistance pacifique contre l’indifférence et l’injustice.,Essai
Éloge de la lenteur,Carl Honoré défend une philosophie de vie fondée sur la lenteur et la pleine conscience.,Essai
La crise de la culture,"Hannah Arendt réfléchit aux fondements de la culture, de la politique et de l'autorité.",Essai
L’Homme révolté,Albert Camus s’interroge sur la révolte humaine face à l’absurdité et l’injustice du monde.,Essai
De la démocratie en Amérique,Tocqueville analyse la démocratie américaine et ses implications sociales et politiques.,Essai
Le Petit Nicolas,Les aventures hilarantes de Nicolas et de ses copains à l’école et à la maison.,Humour
San-Antonio chez les gones,"San-Antonio, le célèbre commissaire, mène l’enquête dans un univers truffé de jeux de mots.",Humour
Comment élever votre bébé selon Jésus,"Un faux guide parental satirique mêlant religion, absurdité et humour noir.",Humour
Les pensées de Nanar,Une compilation de réflexions absurdes et comiques d’un personnage farfelu.,Humour
"Dieu est mort, et moi non plus je me sens pas très bien",Recueil de pensées sarcastiques et absurdes sur la vie moderne.,Humour
Journal d’un dégonflé,"Greg, adolescent maladroit, tient son journal intime rempli de situations cocasses.",Humour
L’encyclopédie du savoir relatif et absolu,Bernard Werber propose une vision drôle et décalée de la connaissance humaine.,Humour
Brèves de comptoir,"Florilège de perles entendues dans les bars, pleines d’humour populaire.",Humour
Les tribulations d’un chinois en Chine,Jules Verne se moque des clichés exotiques à travers les aventures d’un riche désespéré.,Humour
Les Cafards n’ont pas de roi,Un roi cafard tyrannique règne sur les insectes dans une satire délirante de la société.,Humour
Le Petit Nicolas,Les aventures hilarantes de Nicolas et de ses copains à l’école et à la maison.,Humour
San-Antonio chez les gones,"San-Antonio, le célèbre commissaire, mène l’enquête dans un univers truffé de jeux de mots.",Humour
Comment élever votre bébé selon Jésus,"Un faux guide parental satirique mêlant religion, absurdité et humour noir.",Humour
Les pensées de Nanar,Une compilation de réflexions absurdes et comiques d’un personnage farfelu.,Humour
"Dieu est mort, et moi non plus je me sens pas très bien",Recueil de pensées sarcastiques et absurdes sur la vie moderne.,Humour
Journal d’un dégonflé,"Greg, adolescent maladroit, tient son journal intime rempli de situations cocasses.",Humour
L’encyclopédie du savoir relatif et absolu,Bernard Werber propose une vision drôle et décalée de la connaissance humaine.,Humour
Brèves de comptoir,"Florilège de perles entendues dans les bars, pleines d’humour populaire.",Humour
Les tribulations d’un chinois en Chine,Jules Verne se moque des clichés exotiques à travers les aventures d’un riche désespéré.,Humour
Les Cafards n’ont pas de roi,Un roi cafard tyrannique règne sur les insectes dans une satire délirante de la société.,Humour
Le Petit Nicolas,Les aventures hilarantes de Nicolas et de ses copains à l’école et à la maison.,Humour
San-Antonio chez les gones,"San-Antonio, le célèbre commissaire, mène l’enquête dans un univers truffé de jeux de mots.",Humour
Comment élever votre bébé selon Jésus,"Un faux guide parental satirique mêlant religion, absurdité et humour noir.",Humour
Les pensées de Nanar,Une compilation de réflexions absurdes et comiques d’un personnage farfelu.,Humour
"Dieu est mort, et moi non plus je me sens pas très bien",Recueil de pensées sarcastiques et absurdes sur la vie moderne.,Humour
Journal d’un dégonflé,"Greg, adolescent maladroit, tient son journal intime rempli de situations cocasses.",Humour
L’encyclopédie du savoir relatif et absolu,Bernard Werber propose une vision drôle et décalée de la connaissance humaine.,Humour
Brèves de comptoir,"Florilège de perles entendues dans les bars, pleines d’humour populaire.",Humour
Les tribulations d’un chinois en Chine,Jules Verne se moque des clichés exotiques à travers les aventures d’un riche désespéré.,Humour
Les Cafards n’ont pas de roi,Un roi cafard tyrannique règne sur les insectes dans une satire délirante de la société.,Humour
Le Petit Nicolas,Les aventures hilarantes de Nicolas et de ses copains à l’école et à la maison.,Humour
San-Antonio chez les gones,"San-Antonio, le célèbre commissaire, mène l’enquête dans un univers truffé de jeux de mots.",Humour
Comment élever votre bébé selon Jésus,"Un faux guide parental satirique mêlant religion, absurdité et humour noir.",Humour
Les pensées de Nanar,Une compilation de réflexions absurdes et comiques d’un personnage farfelu.,Humour
"Dieu est mort, et moi non plus je me sens pas très bien",Recueil de pensées sarcastiques et absurdes sur la vie moderne.,Humour
Journal d’un dégonflé,"Greg, adolescent maladroit, tient son journal intime rempli de situations cocasses.",Humour
L’encyclopédie du savoir relatif et absolu,Bernard Werber propose une vision drôle et décalée de la connaissance humaine.,Humour
Brèves de comptoir,"Florilège de perles entendues dans les bars, pleines d’humour populaire.",Humour
Les tribulations d’un chinois en Chine,Jules Verne se moque des clichés exotiques à travers les aventures d’un riche désespéré.,Humour
Les Cafards n’ont pas de roi,Un roi cafard tyrannique règne sur les insectes dans une satire délirante de la société.,Humour
Le Petit Nicolas,Les aventures hilarantes de Nicolas et de ses copains à l’école et à la maison.,Humour
San-Antonio chez les gones,"San-Antonio, le célèbre commissaire, mène l’enquête dans un univers truffé de jeux de mots.",Humour
Comment élever votre bébé selon Jésus,"Un faux guide parental satirique mêlant religion, absurdité et humour noir.",Humour
Les pensées de Nanar,Une compilation de réflexions absurdes et comiques d’un personnage farfelu.,Humour
"Dieu est mort, et moi non plus je me sens pas très bien",Recueil de pensées sarcastiques et absurdes sur la vie moderne.,Humour
Journal d’un dégonflé,"Greg, adolescent maladroit, tient son journal intime rempli de situations cocasses.",Humour
L’encyclopédie du savoir relatif et absolu,Bernard Werber propose une vision drôle et décalée de la connaissance humaine.,Humour
Brèves de comptoir,"Florilège de perles entendues dans les bars, pleines d’humour populaire.",Humour
Les tribulations d’un chinois en Chine,Jules Verne se moque des clichés exotiques à travers les aventures d’un riche désespéré.,Humour
Les Cafards n’ont pas de roi,Un roi cafard tyrannique règne sur les insectes dans une satire délirante de la société.,Humour
Le Petit Nicolas,Les aventures hilarantes de Nicolas et de ses copains à l’école et à la maison.,Humour
San-Antonio chez les gones,"San-Antonio, le célèbre commissaire, mène l’enquête dans un univers truffé de jeux de mots.",Humour
Comment élever votre bébé selon Jésus,"Un faux guide parental satirique mêlant religion, absurdité et humour noir.",Humour
Les pensées de Nanar,Une compilation de réflexions absurdes et comiques d’un personnage farfelu.,Humour
"Dieu est mort, et moi non plus je me sens pas très bien",Recueil de pensées sarcastiques et absurdes sur la vie moderne.,Humour
Journal d’un dégonflé,"Greg, adolescent maladroit, tient son journal intime rempli de situations cocasses.",Humour
L’encyclopédie du savoir relatif et absolu,Bernard Werber propose une vision drôle et décalée de la connaissance humaine.,Humour
Brèves de comptoir,"Florilège de perles entendues dans les bars, pleines d’humour populaire.",Humour
Les tribulations d’un chinois en Chine,Jules Verne se moque des clichés exotiques à travers les aventures d’un riche désespéré.,Humour
Les Cafards n’ont pas de roi,Un roi cafard tyrannique règne sur les insectes dans une satire délirante de la société.,Humour
Le Petit Nicolas,Les aventures hilarantes de Nicolas et de ses copains à l’école et à la maison.,Humour
San-Antonio chez les gones,"San-Antonio, le célèbre commissaire, mène l’enquête dans un univers truffé de jeux de mots.",Humour
Comment élever votre bébé selon Jésus,"Un faux guide parental satirique mêlant religion, absurdité et humour noir.",Humour
Les pensées de Nanar,Une compilation de réflexions absurdes et comiques d’un personnage farfelu.,Humour
"Dieu est mort, et moi non plus je me sens pas très bien",Recueil de pensées sarcastiques et absurdes sur la vie moderne.,Humour
Journal d’un dégonflé,"Greg, adolescent maladroit, tient son journal intime rempli de situations cocasses.",Humour
L’encyclopédie du savoir relatif et absolu,Bernard Werber propose une vision drôle et décalée de la connaissance humaine.,Humour
Brèves de comptoir,"Florilège de perles entendues dans les bars, pleines d’humour populaire.",Humour
Les tribulations d’un chinois en Chine,Jules Verne se moque des clichés exotiques à travers les aventures d’un riche désespéré.,Humour
Les Cafards n’ont pas de roi,Un roi cafard tyrannique règne sur les insectes dans une satire délirante de la société.,Humour
Le Petit Nicolas,Les aventures hilarantes de Nicolas et de ses copains à l’école et à la maison.,Humour
San-Antonio chez les gones,"San-Antonio, le célèbre commissaire, mène l’enquête dans un univers truffé de jeux de mots.",Humour
Comment élever votre bébé selon Jésus,"Un faux guide parental satirique mêlant religion, absurdité et humour noir.",Humour
Les pensées de Nanar,Une compilation de réflexions absurdes et comiques d’un personnage farfelu.,Humour
"Dieu est mort, et moi non plus je me sens pas très bien",Recueil de pensées sarcastiques et absurdes sur la vie moderne.,Humour
Journal d’un dégonflé,"Greg, adolescent maladroit, tient son journal intime rempli de situations cocasses.",Humour
L’encyclopédie du savoir relatif et absolu,Bernard Werber propose une vision drôle et décalée de la connaissance humaine.,Humour
Brèves de comptoir,"Florilège de perles entendues dans les bars, pleines d’humour populaire.",Humour
Les tribulations d’un chinois en Chine,Jules Verne se moque des clichés exotiques à travers les aventures d’un riche désespéré.,Humour
Les Cafards n’ont pas de roi,Un roi cafard tyrannique règne sur les insectes dans une satire délirante de la société.,Humour
Le Petit Nicolas,Les aventures hilarantes de Nicolas et de ses copains à l’école et à la maison.,Humour
San-Antonio chez les gones,"San-Antonio, le célèbre commissaire, mène l’enquête dans un univers truffé de jeux de mots.",Humour
Comment élever votre bébé selon Jésus,"Un faux guide parental satirique mêlant religion, absurdité et humour noir.",Humour
Les pensées de Nanar,Une compilation de réflexions absurdes et comiques d’un personnage farfelu.,Humour
"Dieu est mort, et moi non plus je me sens pas très bien",Recueil de pensées sarcastiques et absurdes sur la vie moderne.,Humour
Journal d’un dégonflé,"Greg, adolescent maladroit, tient son journal intime rempli de situations cocasses.",Humour
L’encyclopédie du savoir relatif et absolu,Bernard Werber propose une vision drôle et décalée de la connaissance humaine.,Humour
Brèves de comptoir,"Florilège de perles entendues dans les bars, pleines d’humour populaire.",Humour
Les tribulations d’un chinois en Chine,Jules Verne se moque des clichés exotiques à travers les aventures d’un riche désespéré.,Humour
Les Cafards n’ont pas de roi,Un roi cafard tyrannique règne sur les insectes dans une satire délirante de la société.,Humour
Le Petit Nicolas,Les aventures hilarantes de Nicolas et de ses copains à l’école et à la maison.,Humour
San-Antonio chez les gones,"San-Antonio, le célèbre commissaire, mène l’enquête dans un univers truffé de jeux de mots.",Humour
Comment élever votre bébé selon Jésus,"Un faux guide parental satirique mêlant religion, absurdité et humour noir.",Humour
Les pensées de Nanar,Une compilation de réflexions absurdes et comiques d’un personnage farfelu.,Humour
"Dieu est mort, et moi non plus je me sens pas très bien",Recueil de pensées sarcastiques et absurdes sur la vie moderne.,Humour
Journal d’un dégonflé,"Greg, adolescent maladroit, tient son journal intime rempli de situations cocasses.",Humour
L’encyclopédie du savoir relatif et absolu,Bernard Werber propose une vision drôle et décalée de la connaissance humaine.,Humour
Brèves de comptoir,"Florilège de perles entendues dans les bars, pleines d’humour populaire.",Humour
Les tribulations d’un chinois en Chine,Jules Verne se moque des clichés exotiques à travers les aventures d’un riche désespéré.,Humour
Les Cafards n’ont pas de roi,Un roi cafard tyrannique règne sur les insectes dans une satire délirante de la société.,Humour
L’interprétation des rêves,Freud analyse le rôle des rêves dans l’inconscient et introduit la psychanalyse.,Psychologie
Le cerveau de votre enfant,Les auteurs expliquent le fonctionnement émotionnel du cerveau des enfants.,Psychologie
Influence et manipulation,Robert Cialdini révèle les mécanismes psychologiques de la persuasion.,Psychologie
Les 5 blessures qui empêchent d’être soi-même,Lise Bourbeau identifie 5 blessures psychiques profondes et leurs conséquences.,Psychologie
"Les hommes viennent de Mars, les femmes de Vénus",Une analyse humoristique et psychologique des différences entre hommes et femmes.,Psychologie
Je pense trop,Christel Petitcollin décrit les pensées envahissantes des personnes à haut potentiel.,Psychologie
Le pouvoir des habitudes,Charles Duhigg explore la psychologie derrière la formation des habitudes.,Psychologie
Libérez votre cerveau !,Idriss Aberkane vulgarise les sciences cognitives et la neuroplasticité.,Psychologie
Ces émotions qui nous dirigent,Un ouvrage sur le rôle des émotions dans nos choix et comportements.,Psychologie
La force des discrets,Susan Cain valorise l’introversion dans un monde dominé par l’extraversion.,Psychologie
L’interprétation des rêves,Freud analyse le rôle des rêves dans l’inconscient et introduit la psychanalyse.,Psychologie
Le cerveau de votre enfant,Les auteurs expliquent le fonctionnement émotionnel du cerveau des enfants.,Psychologie
Influence et manipulation,Robert Cialdini révèle les mécanismes psychologiques de la persuasion.,Psychologie
Les 5 blessures qui empêchent d’être soi-même,Lise Bourbeau identifie 5 blessures psychiques profondes et leurs conséquences.,Psychologie
"Les hommes viennent de Mars, les femmes de Vénus",Une analyse humoristique et psychologique des différences entre hommes et femmes.,Psychologie
Je pense trop,Christel Petitcollin décrit les pensées envahissantes des personnes à haut potentiel.,Psychologie
Le pouvoir des habitudes,Charles Duhigg explore la psychologie derrière la formation des habitudes.,Psychologie
Libérez votre cerveau !,Idriss Aberkane vulgarise les sciences cognitives et la neuroplasticité.,Psychologie
Ces émotions qui nous dirigent,Un ouvrage sur le rôle des émotions dans nos choix et comportements.,Psychologie
La force des discrets,Susan Cain valorise l’introversion dans un monde dominé par l’extraversion.,Psychologie
L’interprétation des rêves,Freud analyse le rôle des rêves dans l’inconscient et introduit la psychanalyse.,Psychologie
Le cerveau de votre enfant,Les auteurs expliquent le fonctionnement émotionnel du cerveau des enfants.,Psychologie
Influence et manipulation,Robert Cialdini révèle les mécanismes psychologiques de la persuasion.,Psychologie
Les 5 blessures qui empêchent d’être soi-même,Lise Bourbeau identifie 5 blessures psychiques profondes et leurs conséquences.,Psychologie
"Les hommes viennent de Mars, les femmes de Vénus",Une analyse humoristique et psychologique des différences entre hommes et femmes.,Psychologie
Je pense trop,Christel Petitcollin décrit les pensées envahissantes des personnes à haut potentiel.,Psychologie
Le pouvoir des habitudes,Charles Duhigg explore la psychologie derrière la formation des habitudes.,Psychologie
Libérez votre cerveau !,Idriss Aberkane vulgarise les sciences cognitives et la neuroplasticité.,Psychologie
Ces émotions qui nous dirigent,Un ouvrage sur le rôle des émotions dans nos choix et comportements.,Psychologie
La force des discrets,Susan Cain valorise l’introversion dans un monde dominé par l’extraversion.,Psychologie
L’interprétation des rêves,Freud analyse le rôle des rêves dans l’inconscient et introduit la psychanalyse.,Psychologie
Le cerveau de votre enfant,Les auteurs expliquent le fonctionnement émotionnel du cerveau des enfants.,Psychologie
Influence et manipulation,Robert Cialdini révèle les mécanismes psychologiques de la persuasion.,Psychologie
Les 5 blessures qui empêchent d’être soi-même,Lise Bourbeau identifie 5 blessures psychiques profondes et leurs conséquences.,Psychologie
"Les hommes viennent de Mars, les femmes de Vénus",Une analyse humoristique et psychologique des différences entre hommes et femmes.,Psychologie
Je pense trop,Christel Petitcollin décrit les pensées envahissantes des personnes à haut potentiel.,Psychologie
Le pouvoir des habitudes,Charles Duhigg explore la psychologie derrière la formation des habitudes.,Psychologie
Libérez votre cerveau !,Idriss Aberkane vulgarise les sciences cognitives et la neuroplasticité.,Psychologie
Ces émotions qui nous dirigent,Un ouvrage sur le rôle des émotions dans nos choix et comportements.,Psychologie
La force des discrets,Susan Cain valorise l’introversion dans un monde dominé par l’extraversion.,Psychologie
L’interprétation des rêves,Freud analyse le rôle des rêves dans l’inconscient et introduit la psychanalyse.,Psychologie
Le cerveau de votre enfant,Les auteurs expliquent le fonctionnement émotionnel du cerveau des enfants.,Psychologie
Influence et manipulation,Robert Cialdini révèle les mécanismes psychologiques de la persuasion.,Psychologie
Les 5 blessures qui empêchent d’être soi-même,Lise Bourbeau identifie 5 blessures psychiques profondes et leurs conséquences.,Psychologie
"Les hommes viennent de Mars, les femmes de Vénus",Une analyse humoristique et psychologique des différences entre hommes et femmes.,Psychologie
Je pense trop,Christel Petitcollin décrit les pensées envahissantes des personnes à haut potentiel.,Psychologie
Le pouvoir des habitudes,Charles Duhigg explore la psychologie derrière la formation des habitudes.,Psychologie
Libérez votre cerveau !,Idriss Aberkane vulgarise les sciences cognitives et la neuroplasticité.,Psychologie
Ces émotions qui nous dirigent,Un ouvrage sur le rôle des émotions dans nos choix et comportements.,Psychologie
La force des discrets,Susan Cain valorise l’introversion dans un monde dominé par l’extraversion.,Psychologie
L’interprétation des rêves,Freud analyse le rôle des rêves dans l’inconscient et introduit la psychanalyse.,Psychologie
Le cerveau de votre enfant,Les auteurs expliquent le fonctionnement émotionnel du cerveau des enfants.,Psychologie
Influence et manipulation,Robert Cialdini révèle les mécanismes psychologiques de la persuasion.,Psychologie
Les 5 blessures qui empêchent d’être soi-même,Lise Bourbeau identifie 5 blessures psychiques profondes et leurs conséquences.,Psychologie
"Les hommes viennent de Mars, les femmes de Vénus",Une analyse humoristique et psychologique des différences entre hommes et femmes.,Psychologie
Je pense trop,Christel Petitcollin décrit les pensées envahissantes des personnes à haut potentiel.,Psychologie
Le pouvoir des habitudes,Charles Duhigg explore la psychologie derrière la formation des habitudes.,Psychologie
Libérez votre cerveau !,Idriss Aberkane vulgarise les sciences cognitives et la neuroplasticité.,Psychologie
Ces émotions qui nous dirigent,Un ouvrage sur le rôle des émotions dans nos choix et comportements.,Psychologie
La force des discrets,Susan Cain valorise l’introversion dans un monde dominé par l’extraversion.,Psychologie
L’interprétation des rêves,Freud analyse le rôle des rêves dans l’inconscient et introduit la psychanalyse.,Psychologie
Le cerveau de votre enfant,Les auteurs expliquent le fonctionnement émotionnel du cerveau des enfants.,Psychologie
Influence et manipulation,Robert Cialdini révèle les mécanismes psychologiques de la persuasion.,Psychologie
Les 5 blessures qui empêchent d’être soi-même,Lise Bourbeau identifie 5 blessures psychiques profondes et leurs conséquences.,Psychologie
"Les hommes viennent de Mars, les femmes de Vénus",Une analyse humoristique et psychologique des différences entre hommes et femmes.,Psychologie
Je pense trop,Christel Petitcollin décrit les pensées envahissantes des personnes à haut potentiel.,Psychologie
Le pouvoir des habitudes,Charles Duhigg explore la psychologie derrière la formation des habitudes.,Psychologie
Libérez votre cerveau !,Idriss Aberkane vulgarise les sciences cognitives et la neuroplasticité.,Psychologie
Ces émotions qui nous dirigent,Un ouvrage sur le rôle des émotions dans nos choix et comportements.,Psychologie
La force des discrets,Susan Cain valorise l’introversion dans un monde dominé par l’extraversion.,Psychologie
L’interprétation des rêves,Freud analyse le rôle des rêves dans l’inconscient et introduit la psychanalyse.,Psychologie
Le cerveau de votre enfant,Les auteurs expliquent le fonctionnement émotionnel du cerveau des enfants.,Psychologie
Influence et manipulation,Robert Cialdini révèle les mécanismes psychologiques de la persuasion.,Psychologie
Les 5 blessures qui empêchent d’être soi-même,Lise Bourbeau identifie 5 blessures psychiques profondes et leurs conséquences.,Psychologie
"Les hommes viennent de Mars, les femmes de Vénus",Une analyse humoristique et psychologique des différences entre hommes et femmes.,Psychologie
Je pense trop,Christel Petitcollin décrit les pensées envahissantes des personnes à haut potentiel.,Psychologie
Le pouvoir des habitudes,Charles Duhigg explore la psychologie derrière la formation des habitudes.,Psychologie
Libérez votre cerveau !,Idriss Aberkane vulgarise les sciences cognitives et la neuroplasticité.,Psychologie
Ces émotions qui nous dirigent,Un ouvrage sur le rôle des émotions dans nos choix et comportements.,Psychologie
La force des discrets,Susan Cain valorise l’introversion dans un monde dominé par l’extraversion.,Psychologie
L’interprétation des rêves,Freud analyse le rôle des rêves dans l’inconscient et introduit la psychanalyse.,Psychologie
Le cerveau de votre enfant,Les auteurs expliquent le fonctionnement émotionnel du cerveau des enfants.,Psychologie
Influence et manipulation,Robert Cialdini révèle les mécanismes psychologiques de la persuasion.,Psychologie
Les 5 blessures qui empêchent d’être soi-même,Lise Bourbeau identifie 5 blessures psychiques profondes et leurs conséquences.,Psychologie
"Les hommes viennent de Mars, les femmes de Vénus",Une analyse humoristique et psychologique des différences entre hommes et femmes.,Psychologie
Je pense trop,Christel Petitcollin décrit les pensées envahissantes des personnes à haut potentiel.,Psychologie
Le pouvoir des habitudes,Charles Duhigg explore la psychologie derrière la formation des habitudes.,Psychologie
Libérez votre cerveau !,Idriss Aberkane vulgarise les sciences cognitives et la neuroplasticité.,Psychologie
Ces émotions qui nous dirigent,Un ouvrage sur le rôle des émotions dans nos choix et comportements.,Psychologie
La force des discrets,Susan Cain valorise l’introversion dans un monde dominé par l’extraversion.,Psychologie
L’interprétation des rêves,Freud analyse le rôle des rêves dans l’inconscient et introduit la psychanalyse.,Psychologie
Le cerveau de votre enfant,Les auteurs expliquent le fonctionnement émotionnel du cerveau des enfants.,Psychologie
Influence et manipulation,Robert Cialdini révèle les mécanismes psychologiques de la persuasion.,Psychologie
Les 5 blessures qui empêchent d’être soi-même,Lise Bourbeau identifie 5 blessures psychiques profondes et leurs conséquences.,Psychologie
"Les hommes viennent de Mars, les femmes de Vénus",Une analyse humoristique et psychologique des différences entre hommes et femmes.,Psychologie
Je pense trop,Christel Petitcollin décrit les pensées envahissantes des personnes à haut potentiel.,Psychologie
Le pouvoir des habitudes,Charles Duhigg explore la psychologie derrière la formation des habitudes.,Psychologie
Libérez votre cerveau !,Idriss Aberkane vulgarise les sciences cognitives et la neuroplasticité.,Psychologie
Ces émotions qui nous dirigent,Un ouvrage sur le rôle des émotions dans nos choix et comportements.,Psychologie
La force des discrets,Susan Cain valorise l’introversion dans un monde dominé par l’extraversion.,Psychologie
